ticker,name,country,sector,price,currency,high_52w,discount_52w,market_cap_mln,volume_k,eps_ttm,sales_ttm_mln,quick_ratio,roic,debt_equity,gross_margin,eps_q0,eps_q1,eps_q4,eps_qoq,eps_yoy,scanned_at,market,smi,smi_ema,zone,signal,divergence_bull,divergence_desc,vol_confirm,rs_12m,wyckoff_score,wyckoff_phase,wyckoff_dist,wyckoff_dsig,d1_signal_now,d1_zone_now,d1_last_cross_days_ago,early_signal,tech_score,m_zone,m_bullish,m_risk_warning,mtf_score
CNR,"Core Natural Resources, Inc.",United States,Energy,84.28,USD,114.8,26.6,4248.4,682.8,-1.19,4164.8,1.15,-0.0291,0.123,-0.0003,0.41,-1.54,-1.38,126.6,129.7,2026-07-22T13:00:44.116451,USA,-55.12,-57.83,OVERSOLD,Strong BUY,True,"div_bull (cena -4.0%, SMI +9.9)",False,,1,A,False,[],False,Bullish,8,False,12,--,False,False,
RES,"RPC, Inc.",United States,Energy,5.92,USD,8.16,27.5,1312.1,1755.0,0.09,1626.6,2.7,0.031,0.07,0.1429,0.0,-0.02,0.06,100.0,-100.0,2026-07-22T13:00:58.561071,USA,-68.43,-69.17,OVERSOLD,Strong BUY,False,,False,,4,C,False,['UT High=6.76 Close=6.56 (vol 1.7x)'],False,OVERBOUGHT,5,False,12,--,False,False,
ACM,AECOM,United States,Industrials,68.94,USD,135.52,49.1,8860.4,1999.8,4.79,16139.6,1.14,0.1756,1.296,0.0754,1.39,0.56,1.08,148.2,28.7,2026-07-22T13:00:58.721343,USA,-71.36,-74.25,OVERSOLD,Strong BUY,False,,False,,0,–,False,[],True,Bullish,0,False,12,--,False,False,
OGG,OGG,--,--,2.27,USD,4.8,52.7,691.7,3233.0,,35.5,1.42,-0.1055,0.212,0.6095,0.19,-0.8,,123.7,,2026-07-22T13:00:11.607313,USA,-66.31,-68.92,OVERSOLD,Strong BUY,False,,False,,4,D,False,['SOW: vol spadkowy 1.9x > wzrostowy'],False,OVERSOLD,8,False,11,--,False,False,
NOC,NOC,--,--,512.29,USD,774.0,33.8,72777.3,982.7,,41954.0,1.01,0.1067,1.021,0.1981,6.14,7.67,,-19.9,,2026-07-22T13:00:14.007116,USA,-32.87,-43.3,Bearish,Strong BUY,True,"div_bull (cena -7.1%, SMI +5.3)",True,,2,A,False,['BC przy 614.14 (vol 2.4x)'],False,Bearish,12,False,11,--,False,False,
TASK,TASK,--,--,5.84,USD,18.39,68.2,534.8,603.3,,1183.5,3.12,0.1563,0.496,0.3778,0.26,0.32,0.23,-18.8,13.0,2026-07-22T13:00:22.070805,USA,-19.09,-37.62,Bearish,Strong BUY,True,"div_bull (cena -13.8%, SMI +0.9)",False,,1,A,False,['UT High=11.00 Close=6.46 (vol 2.3x)'],False,OVERBOUGHT,12,False,11,OVERSOLD,False,True,1.0
VFC,V.F. Corporation,United States,Consumer Cyclical,16.91,USD,22.27,24.1,6634.6,7403.6,0.64,9605.2,1.21,0.0722,2.694,0.5478,0.76,0.48,0.43,58.3,76.7,2026-07-22T13:00:42.415674,USA,-31.87,-38.0,Bearish,Strong BUY,True,"div_bull (cena -1.2%, SMI +1.7)",False,,2,A,False,['UT High=16.68 Close=13.82 (vol 1.6x)'],False,OVERBOUGHT,7,False,11,--,False,False,
TKC,Turkcell Iletisim Hizmetleri AS,Turkey,Communication Services,5.9,USD,7.18,17.8,5136.4,1633.5,0.45,218160.0,1.24,0.0876,0.558,0.2468,5.325,6.2,,-14.1,,2026-07-22T13:00:52.934123,USA,-58.01,-58.02,OVERSOLD,Strong BUY,False,,False,,4,C,False,[],True,Bullish,0,False,11,--,False,False,
TGS,TGS,--,--,31.02,USD,36.35,14.7,4670.1,330.3,,1706290.7,4.98,0.1204,0.545,0.5385,1062.65,744.3,,42.8,,2026-07-22T13:00:17.243200,USA,-26.01,-30.02,Bearish,BUY,True,"div_bull (cena -2.3%, SMI +25.2)",False,,4,D,False,['BC przy 34.37 (vol 2.4x)'],False,Bullish,9,False,10,--,False,False,
BKE,BKE,--,--,42.64,USD,61.69,30.9,2196.7,490.5,,1297.8,1.3,0.3932,0.904,0.4899,0.92,1.59,0.7,-42.1,31.4,2026-07-22T13:00:22.839000,USA,-69.64,-71.51,OVERSOLD,Strong BUY,False,,False,,0,–,False,[],False,Bullish,7,False,10,Bearish,False,True,3.0
STLA,STLA,--,--,5.78,USD,12.22,52.7,16747.6,18449.9,,153508.0,0.74,-0.2163,0.858,-0.0138,0.14,-0.13,,207.7,,2026-07-22T13:00:27.467026,USA,-73.46,-74.1,OVERSOLD,Strong BUY,False,,False,,4,C,False,[],False,Bullish,5,False,10,--,False,False,
CION,CION,--,--,6.17,USD,10.93,43.5,307.2,557.8,,-9.2,,,1.591,,-0.45,-0.8,-0.8,43.8,43.8,2026-07-22T13:00:34.938988,USA,-57.1,-57.85,OVERSOLD,Strong BUY,False,,False,,4,C,False,[],False,OVERSOLD,12,False,10,--,False,False,
YUMC,"Yum China Holdings, Inc.",China,Consumer Cyclical,42.77,USD,58.39,26.8,14688.7,1641.3,2.61,11797.0,0.85,0.1202,0.435,0.1728,0.87,0.4,0.77,117.5,13.0,2026-07-22T13:00:39.692962,USA,-37.4,-49.32,Bearish,Strong BUY,True,"div_bull (cena -3.7%, SMI +11.9)",False,,0,–,False,[],False,Bullish,3,False,10,--,False,False,
EDU,New Oriental Education & Techno,China,Consumer Defensive,48.7,USD,64.97,25.0,8118.9,645.8,2.7,4900.3,1.55,0.1224,0.219,0.5545,0.8,0.3,0.5,166.7,60.0,2026-07-22T13:00:40.804539,USA,-28.16,-42.97,Bearish,Strong BUY,False,,False,,4,D,False,['UT High=64.22 Close=61.99 (vol 1.8x)'],False,Bullish,15,False,10,--,False,False,
TM,Toyota Motor Corporation,Japan,Consumer Cyclical,180.34,USD,248.9,27.5,213541.5,516.3,18.25,50684952.0,1.12,0.0492,1.082,0.167,715.1,645.6,,10.8,,2026-07-22T13:00:45.972848,USA,-35.52,-48.28,Bearish,Strong BUY,True,"div_bull (cena -8.6%, SMI +4.9)",False,,0,–,False,[],True,Bullish,0,True,10,--,False,False,
HAFN,Hafnia Limited,Singapore,Industrials,7.55,USD,9.53,20.8,3773.3,1757.4,0.9,2281.9,1.35,0.1131,0.482,0.192,0.36,0.22,0.13,63.6,176.9,2026-07-22T13:00:47.603390,USA,-39.2,-46.38,Bearish,Strong BUY,False,,False,,5,D,False,['UT High=8.25 Close=8.13 (vol 1.4x)'],False,OVERBOUGHT,11,False,10,--,False,False,
ONDS,Ondas Inc,United States,Technology,7.66,USD,15.28,49.9,4365.0,81440.6,0.09,50.7,4.68,-0.1326,0.036,0.3973,0.7702,-0.03,,2667.2,,2026-07-22T13:00:47.857731,USA,-81.98,-79.51,OVERSOLD,Turning Up,False,,True,,5,D,False,['UT High=15.28 Close=12.16 (vol 1.6x)'],True,Bearish,0,False,10,--,False,False,
SD,"SandRidge Energy, Inc.",United States,Energy,13.82,USD,18.45,25.1,510.2,339.4,2.07,156.4,2.17,0.1167,0.0,0.4314,0.5,0.43,,16.3,,2026-07-22T13:00:49.273313,USA,-63.74,-63.75,OVERSOLD,Strong BUY,False,,False,,0,–,False,['UT High=17.94 Close=16.94 (vol 1.5x)'],False,Bullish,9,False,10,--,False,False,
PFE,"Pfizer, Inc.",United States,Healthcare,24.94,USD,28.75,13.3,142144.1,41607.4,1.31,62579.0,0.87,0.1024,0.74,0.7433,0.47,-0.29,0.52,262.1,-9.6,2026-07-22T13:00:51.982838,USA,-35.06,-43.89,Bearish,Strong BUY,True,"div_bull (cena -4.6%, SMI +3.2)",False,,3,B,False,['BC przy 24.25 (vol 2.2x)'],False,Bullish,7,False,10,--,False,False,
FUBO,fuboTV Inc.,United States,Communication Services,9.42,USD,56.64,83.4,277.4,1466.4,3.84,1622.8,0.53,-0.4797,1.927,0.1257,-0.07,-0.24,6.6,70.8,-101.1,2026-07-22T13:00:58.452053,USA,-35.76,-40.94,Bearish,Strong BUY,True,"div_bull (cena -0.4%, SMI +10.5)",False,,0,–,False,[],False,Bearish,3,False,10,--,False,False,
LIFE,Ethos Technologies Inc.,United States,Financial Services,18.83,USD,32.5,42.1,1186.2,522.9,-1.71,387.6,2.17,0.2202,,0.9826,-3.57,0.3926,,-1009.3,,2026-07-22T13:01:00.781206,USA,-42.99,-45.13,OVERSOLD,Strong BUY,False,,False,,0,–,False,[],False,OVERSOLD,18,False,10,--,False,False,
HAS,HAS,--,--,88.78,USD,106.98,17.0,12561.5,2131.5,,4701.3,1.24,0.3642,6.12,0.6458,1.39,1.41,0.7,-1.4,98.6,2026-07-22T13:01:06.834913,USA,-39.11,-53.66,Bearish,Strong BUY,False,,True,,0,–,False,['BC przy 100.92 (vol 2.1x)'],False,OVERBOUGHT,4,False,10,--,False,False,
SCZM,SCZM,--,--,6.56,USD,17.65,62.8,608.4,513.0,,326.4,1.04,0.1918,0.29,0.3352,0.3,0.16,,87.5,,2026-07-22T13:00:09.318215,USA,-66.84,-65.85,OVERSOLD,Turning Up,False,,False,,5,D,False,['UT High=17.65 Close=12.08 (vol 3.9x)'],True,Bearish,0,False,9,OVERSOLD,False,True,1.0
WB,WB,--,--,8.0,USD,12.96,38.3,1965.4,1229.7,,1757.2,3.39,0.0947,0.486,0.7599,0.14,-0.02,0.41,800.0,-65.9,2026-07-22T13:00:10.967208,USA,-29.06,-46.5,Bearish,Strong BUY,False,,False,,4,D,False,['SOW: vol spadkowy 1.4x > wzrostowy'],False,OVERBOUGHT,1,False,9,--,False,False,
CGBD,CGBD,--,--,10.44,USD,14.32,27.1,725.5,584.6,,81.0,,,1.313,,-0.06,0.33,,-118.2,,2026-07-22T13:00:15.098223,USA,-42.65,-42.93,OVERSOLD,Strong BUY,False,,False,,4,C,False,[],False,Bearish,3,False,9,--,False,False,
FMC,FMC,--,--,11.37,USD,43.97,74.1,1423.8,3867.8,,3467.4,1.0,0.0621,2.027,0.37,-2.25,-13.74,-0.12,83.6,-1775.0,2026-07-22T13:00:18.621000,USA,-71.26,-72.79,OVERSOLD,Strong BUY,False,,False,,1,A,False,[],False,Bearish,2,False,9,--,False,False,
DLB,DLB,--,--,49.92,USD,77.0,35.2,4722.3,886.9,,1349.1,3.1,0.1133,0.015,0.8813,0.99,0.55,0.94,80.0,5.3,2026-07-22T13:00:22.257725,USA,-77.14,-77.48,OVERSOLD,Strong BUY,False,,False,,0,–,False,[],False,Bearish,1,False,9,--,False,False,
ASM,ASM,--,--,6.05,USD,11.99,49.5,1060.4,4029.9,,92.2,3.69,0.1656,,0.5263,0.09,0.05,0.03,80.0,200.0,2026-07-22T13:00:22.910111,USA,-48.96,-44.74,OVERSOLD,Turning Up,False,,False,,5,D,False,['UT High=11.99 Close=8.99 (vol 2.5x)'],True,Bearish,0,False,9,Bearish,False,True,1.0
RIG,RIG,--,--,5.24,USD,7.66,31.6,5799.4,35470.6,,3965.0,1.27,0.0509,0.736,0.8338,0.06,-2.0,,103.0,,2026-07-22T13:00:26.348907,USA,-75.25,-75.61,OVERSOLD,Strong BUY,False,,False,,0,–,False,['BC przy 3.90 (vol 2.1x)'],False,Bearish,9,False,9,--,False,False,
GEMI,GEMI,--,--,4.77,USD,45.89,89.6,603.1,1945.9,,179.6,1.29,-1.1064,1.222,-0.6873,-0.93,-1.22,,23.8,,2026-07-22T13:00:36.442399,USA,-59.44,-63.68,OVERSOLD,Strong BUY,False,,False,,0,–,False,[],False,Bullish,13,False,9,--,False,False,
DNOW,DNOW Inc.,United States,Industrials,14.25,USD,17.26,17.4,2601.3,3122.6,-1.19,2820.0,1.11,-0.0256,0.262,0.1695,-0.24,-0.95,0.2,74.7,-220.0,2026-07-22T13:00:41.202279,USA,38.5,29.7,Bullish,BUY,True,"div_bull (cena -1.5%, SMI +7.0)",False,,4,C,False,[],False,OVERBOUGHT,7,False,9,--,False,False,
VAL,Valaris Limited,Bermuda,Energy,78.08,USD,114.12,31.6,5407.2,924.9,14.15,2369.0,1.77,0.1235,0.366,0.2503,-0.24,10.26,-0.53,-102.3,54.7,2026-07-22T13:00:41.252674,USA,-75.1,-75.45,OVERSOLD,Strong BUY,False,,False,,0,–,False,[],False,Bearish,9,False,9,--,False,False,
CMRE,Costamare Inc.,Monaco,Industrials,15.3,USD,18.06,15.3,1847.3,468.0,2.83,877.9,1.7,0.1218,0.726,0.5728,0.62,0.6,0.25,3.3,148.0,2026-07-22T13:00:45.531424,USA,-49.0,-54.86,OVERSOLD,Strong BUY,False,,False,,0,–,False,[],False,Bullish,9,False,9,--,False,False,
AVXL,Anavex Life Sciences Corp.,United States,Healthcare,2.56,USD,13.99,81.7,236.8,1181.7,-0.46,0.0,11.6,,0.0,,-0.06,-0.11,-0.14,45.5,57.1,2026-07-22T13:00:48.265648,USA,-61.28,-64.25,OVERSOLD,Strong BUY,False,,False,,0,–,False,[],True,Bearish,0,False,9,--,False,False,
TK,Teekay Corporation Ltd.,Bermuda,Energy,11.33,USD,14.38,21.2,985.8,594.5,1.13,949.5,8.67,0.1609,0.064,0.2753,,,,,,2026-07-22T13:00:53.926227,USA,-37.71,-40.3,Bearish,Strong BUY,False,,False,,0,–,False,['UT High=9.81 Close=9.46 (vol 1.6x)'],True,Bullish,0,True,9,--,False,False,
GTE,Gran Tierra Energy Inc.,Canada,Energy,6.91,USD,9.74,29.1,244.3,327.0,-8.29,596.7,0.44,-0.0078,3.169,0.5335,-3.38,-0.57,,-493.0,,2026-07-22T13:00:54.381316,USA,-58.64,-61.91,OVERSOLD,Strong BUY,False,,False,,4,D,False,['UT High=8.88 Close=8.64 (vol 1.5x)'],False,OVERBOUGHT,9,False,9,--,False,False,
ARVN,"Arvinas, Inc.",United States,Healthcare,8.26,USD,14.51,43.1,532.9,819.4,-3.18,262.6,4.92,-0.274,0.021,,-0.9,-1.1,1.14,18.2,-178.9,2026-07-22T13:00:55.610303,USA,-36.41,-45.01,Bearish,Strong BUY,False,,False,,5,D,False,['BC przy 11.52 (vol 2.4x)'],False,OVERSOLD,12,False,9,--,False,False,
CNQ,Canadian Natural Resources Limi,Canada,Energy,44.9,USD,51.34,12.5,93648.4,9264.7,3.81,44167.0,0.63,0.0809,0.375,0.2129,2.54,0.29,0.54,775.9,370.4,2026-07-22T13:00:55.713355,USA,-26.87,-39.62,Bearish,Strong BUY,False,,False,,4,D,False,['UT High=34.29 Close=32.78 (vol 1.7x)'],False,OVERBOUGHT,9,False,9,--,False,False,
STEP,StepStone Group Inc.,United States,Financial Services,42.97,USD,77.79,44.8,3509.8,1318.4,-6.78,1993.6,1.49,-0.2541,,0.4544,-0.1,-1.55,-0.24,93.5,58.3,2026-07-22T13:00:57.077048,USA,-54.65,-55.74,OVERSOLD,Strong BUY,False,,False,,1,A,False,[],False,Bearish,11,False,9,--,False,False,
FOX,Fox Corporation,United States,Communication Services,51.47,USD,68.18,24.5,21612.3,1682.0,3.8,16300.0,2.76,0.1618,0.624,,0.38,0.52,0.75,-26.9,-49.3,2026-07-22T13:01:00.526825,USA,-30.24,-33.33,Bearish,BUY,False,,False,,4,C,False,['SOW: vol spadkowy 1.4x > wzrostowy'],False,OVERBOUGHT,12,False,9,--,False,False,
CEG,CEG,--,--,262.22,USD,412.7,36.5,93639.3,3655.8,,25533.0,1.31,0.0609,0.619,0.1838,4.49,1.38,0.38,225.4,1081.6,2026-07-22T13:01:06.980118,USA,-45.83,-49.78,OVERSOLD,Strong BUY,False,,False,,0,–,False,[],True,Bullish,0,False,9,--,False,False,
MSTR,MSTR,--,--,101.95,USD,424.0,76.0,37244.3,20526.5,,477.2,5.62,-0.0005,0.161,0.6869,-38.25,-42.93,-16.49,10.9,-132.0,2026-07-22T13:00:09.181442,USA,-72.06,-72.36,OVERSOLD,Strong BUY,False,,False,,2,A,False,[],True,Bullish,0,False,8,--,False,False,
TRX,TRX,--,--,0.82,USD,2.8,70.7,268.5,2382.1,,57.6,0.52,0.0933,0.049,0.4155,0.01,-0.07,-0.01,114.3,200.0,2026-07-22T13:00:10.109106,USA,-76.54,-79.9,OVERSOLD,Strong BUY,False,,False,,0,–,False,['BC przy 1.63 (vol 9.0x)'],True,Bearish,0,False,8,--,False,False,
BKV,BKV,--,--,26.2,USD,32.81,20.1,2865.9,819.8,,893.8,1.75,0.0351,0.239,0.8238,0.42,0.75,-0.93,-44.0,145.2,2026-07-22T13:00:14.845958,USA,-35.64,-41.79,Bearish,Strong BUY,False,,False,,5,D,False,['UT High=28.35 Close=25.98 (vol 2.0x)'],True,Bearish,0,True,8,--,False,False,
ITT,ITT,--,--,191.49,USD,225.26,15.0,17203.4,862.1,,3938.5,2.07,0.1579,0.212,0.3535,0.89,1.64,1.33,-45.7,-33.1,2026-07-22T13:00:15.430760,USA,-38.6,-43.34,Bearish,Strong BUY,False,,False,,3,B,False,['UT High=195.90 Close=183.97 (vol 1.9x)'],False,Bullish,7,False,8,--,False,False,
TUYA,TUYA,--,--,1.74,USD,2.88,39.6,1066.8,1037.1,,321.8,9.34,0.0819,0.005,0.4818,0.03,0.03,0.02,0.0,50.0,2026-07-22T13:00:15.953108,USA,-77.24,-77.87,OVERSOLD,Strong BUY,False,,False,,2,A,False,['SOW: vol spadkowy 1.3x > wzrostowy'],True,OVERSOLD,0,False,8,--,False,False,
UROY,UROY,--,--,2.9,USD,5.52,47.4,425.9,2572.5,,15.6,20.25,-0.017,0.001,0.2268,0.01,0.02,0.0,-50.0,,2026-07-22T13:00:21.494412,USA,-73.41,-76.3,OVERSOLD,Strong BUY,False,,False,,0,–,False,['UT High=5.52 Close=4.62 (vol 1.7x)'],False,Bullish,2,False,8,--,False,False,
SU,SU,--,--,63.7,USD,70.29,9.4,75213.5,4139.4,,52377.0,0.89,0.0783,0.321,0.4138,1.77,1.23,1.36,43.9,30.1,2026-07-22T13:00:29.538081,USA,-18.42,-33.99,Bearish,Strong BUY,False,,False,,5,D,False,['UT High=54.51 Close=53.03 (vol 1.8x)'],False,OVERBOUGHT,2,False,8,--,False,False,
IMO,IMO,--,--,124.22,USD,139.44,10.9,61766.9,557.7,,45203.0,0.83,0.0913,0.186,0.1227,1.94,1.0,2.52,94.0,-23.0,2026-07-22T13:00:31.232250,USA,-28.67,-39.47,Bearish,Strong BUY,False,,False,,4,C,False,['UT High=105.55 Close=100.21 (vol 1.5x)'],True,OVERBOUGHT,0,True,8,--,False,False,
HLI,HLI,--,--,139.87,USD,211.78,34.0,9659.3,767.0,,2617.5,1.5,0.2447,0.21,0.385,1.47,1.7,1.76,-13.5,-16.5,2026-07-22T13:00:32.754064,USA,-39.35,-44.73,Bearish,Strong BUY,False,,False,,0,–,False,[],False,Bullish,4,False,8,OVERSOLD,False,True,3.0
MMM,MMM,--,--,170.76,USD,177.41,3.7,88064.8,3911.7,,24948.0,1.33,0.1594,2.68,0.3991,1.23,1.07,2.04,15.0,-39.7,2026-07-22T13:00:34.737086,USA,41.51,40.22,OVERBOUGHT,BUY,False,,True,,0,–,False,[],False,Bullish,4,False,8,--,False,False,
XPO,XPO,--,--,214.72,USD,232.05,7.5,25210.3,1466.2,,8157.0,1.05,0.0833,2.198,0.12,0.85,0.5,0.58,70.0,46.6,2026-07-22T13:00:35.051856,USA,-8.77,-11.6,Bearish,BUY,True,"div_bull (cena -1.7%, SMI +2.1)",False,,0,–,False,['UT High=207.04 Close=195.33 (vol 1.8x)'],False,OVERBOUGHT,3,False,8,--,False,False,
PBI,Pitney Bowes Inc.,United States,Industrials,18.46,USD,18.77,1.7,2500.2,3127.0,1.04,1892.6,0.67,0.2177,,0.541,0.39,0.3,,30.0,,2026-07-22T13:00:41.713378,USA,82.91,82.55,OVERBOUGHT,BUY,False,,False,,5,D,False,['UT High=16.42 Close=15.65 (vol 1.4x)'],False,OVERBOUGHT,8,False,8,--,False,False,
NTGR,"NETGEAR, Inc.",United States,Technology,24.24,USD,36.86,34.2,650.6,390.0,-0.89,699.6,1.99,-0.0696,0.102,0.3805,-0.47,-0.02,-0.21,-2250.0,-123.8,2026-07-22T13:00:43.103341,USA,-45.05,-48.75,OVERSOLD,Strong BUY,False,,False,,0,–,False,[],False,OVERBOUGHT,8,False,8,--,False,False,
ACI,"Albertsons Companies, Inc.",United States,Consumer Defensive,14.72,USD,20.91,29.6,7209.5,6817.3,0.4,83172.5,0.2,0.031,8.331,0.2718,-0.94,0.55,0.29,-270.9,-424.1,2026-07-22T13:00:45.229656,USA,-38.31,-47.29,Bearish,Strong BUY,False,,False,,4,C,False,[],False,OVERBOUGHT,11,False,8,--,False,False,
FSLY,"Fastly, Inc.",United States,Technology,20.73,USD,34.82,40.5,3244.2,7773.5,-0.69,624.0,2.61,-0.1054,0.463,0.5708,-0.13,-0.1,-0.27,-30.0,51.9,2026-07-22T13:00:47.256018,USA,-33.76,-48.55,Bearish,Strong BUY,False,,False,,4,C,False,['UT High=34.82 Close=23.07 (vol 2.0x)'],False,Bullish,14,False,8,--,False,False,
KEP,Korea Electric Power Corporatio,South Korea,Utilities,11.73,USD,23.41,49.9,15060.5,1099.6,4.41,96567586.0,0.31,0.0547,2.759,0.1643,1941.5,1087.2883,1813.5,78.6,7.1,2026-07-22T13:00:49.535298,USA,-74.06,-72.49,OVERSOLD,Turning Up,True,"div_bull (cena -3.2%, SMI +0.2)",False,,0,–,False,[],True,OVERSOLD,0,False,8,--,False,False,
VNT,Vontier Corporation,United States,Technology,30.23,USD,48.2,37.3,4256.4,1903.2,2.83,3075.6,0.9,0.1734,1.716,0.4717,0.66,0.85,0.59,-22.4,11.9,2026-07-22T13:00:51.376472,USA,-26.16,-40.1,Bearish,Strong BUY,False,,False,,0,–,False,['UT High=48.13 Close=41.73 (vol 2.0x)'],False,OVERBOUGHT,6,False,8,--,False,False,
LTBR,Lightbridge Corporation,United States,Industrials,8.04,USD,31.34,74.3,264.1,913.5,-0.76,0.0,239.04,-16.3117,0.0,,-0.2,-0.16,,-25.0,,2026-07-22T13:00:55.744123,USA,-81.31,-81.36,OVERSOLD,Strong BUY,False,,False,,0,–,False,[],False,OVERSOLD,1,False,8,--,False,False,
WPM,Wheaton Precious Metals Corp,Canada,Basic Materials,109.96,USD,165.76,33.7,49935.6,2069.4,4.21,2314.6,7.78,0.1754,0.001,0.7222,1.279,0.807,,58.5,,2026-07-22T13:01:01.396839,USA,-66.87,-64.32,OVERSOLD,Turning Up,False,,False,,0,–,False,['UT High=159.87 Close=131.47 (vol 1.9x)'],True,OVERSOLD,0,False,8,Bearish,False,True,2.0
ULTA,"Ulta Beauty, Inc.",United States,Consumer Cyclical,489.47,USD,714.97,31.5,21042.0,767.9,26.68,12392.8,0.43,0.2691,0.778,0.391,7.74,8.01,6.7,-3.4,15.5,2026-07-22T13:01:01.967405,USA,-35.14,-46.39,Bearish,Strong BUY,False,,False,,2,A,False,['SOW: vol spadkowy 1.3x > wzrostowy'],False,OVERBOUGHT,7,False,8,--,False,False,
UHS,"Universal Health Services, Inc.",United States,Healthcare,149.91,USD,246.33,39.1,9075.0,1041.5,23.96,17364.8,0.98,0.1258,0.71,0.9045,,,,,,2026-07-22T13:01:02.100925,USA,-38.9,-45.57,Bearish,Strong BUY,False,,False,,5,D,False,[],True,Bearish,0,True,8,--,False,False,
PTEN,"Patterson-UTI Energy, Inc.",United States,Energy,10.53,USD,13.08,19.5,3997.4,9048.0,-0.3,4826.6,1.46,-0.0084,0.398,0.0476,-0.06,-0.02,0.0,-200.0,,2026-07-22T13:01:02.449332,USA,-40.1,-42.65,OVERSOLD,Strong BUY,False,,False,,0,–,False,['UT High=7.08 Close=6.67 (vol 1.7x)'],False,OVERBOUGHT,9,False,8,--,False,False,
BLSH,BLSH,--,--,24.77,USD,118.0,79.0,3756.3,1535.0,,244970.3,27.69,0.0135,0.181,0.0003,-3.85,-3.73,-2.3532,-3.2,-63.6,2026-07-22T13:01:04.897905,USA,-81.57,-82.34,OVERSOLD,Strong BUY,False,,False,,0,–,False,[],True,Bearish,0,False,8,--,False,False,
PAGS,PAGS,--,--,9.58,USD,12.32,22.2,2677.8,3446.9,,20410.5,1.36,0.271,2.945,0.5249,1.9286,1.73,1.7184,11.5,12.2,2026-07-22T13:01:05.799466,USA,-22.85,-37.97,Bearish,Strong BUY,False,,False,,0,–,False,[],False,OVERBOUGHT,1,False,8,--,False,False,
MUR,MUR,--,--,37.3,USD,43.34,13.9,5346.9,1785.3,,2689.8,0.71,0.0384,0.43,0.2778,0.37,0.08,0.5,362.5,-26.0,2026-07-22T13:01:05.863746,USA,-25.12,-38.51,Bearish,Strong BUY,False,,False,,5,D,False,[],False,OVERBOUGHT,8,False,8,--,False,False,
LAZ,LAZ,--,--,43.51,USD,58.75,25.9,4283.0,2023.3,,3148.0,3.14,0.1117,2.488,0.3375,0.91,0.45,0.56,102.2,62.5,2026-07-22T13:00:10.222812,USA,-38.57,-39.14,Bearish,Strong BUY,False,,False,,2,A,False,['SOW: vol spadkowy 1.6x > wzrostowy'],False,Bullish,11,False,7,--,False,False,
POST,POST,--,--,88.39,USD,117.28,24.6,4006.1,850.8,,8158.1,0.95,0.0516,2.052,0.2868,1.56,1.71,1.03,-8.8,51.5,2026-07-22T13:00:10.557352,USA,-63.66,-63.82,OVERSOLD,Strong BUY,False,,False,,0,–,False,[],False,Bearish,1,False,7,--,False,False,
DLR,DLR,--,--,179.31,USD,208.14,13.9,66340.4,2810.0,,6112.7,1.1,0.0218,0.857,0.5539,0.46,0.24,0.27,91.7,70.4,2026-07-22T13:00:10.653858,USA,-49.21,-44.85,OVERSOLD,Turning Up,False,,False,,4,C,False,['UT High=206.76 Close=198.68 (vol 1.3x)'],False,Bearish,1,False,7,--,False,False,
NVGS,NVGS,--,--,21.46,USD,24.36,11.9,1324.6,471.6,,587.0,1.12,0.0664,0.736,0.3133,0.54,0.28,0.39,92.9,38.5,2026-07-22T13:00:12.465792,USA,-21.01,-22.67,Bearish,BUY,False,,False,,5,D,False,['UT High=24.36 Close=23.13 (vol 1.6x)'],True,OVERBOUGHT,0,True,7,--,False,False,
NVDA,NVDA,--,--,207.29,USD,236.54,12.4,5020770.9,156209.3,,215938.0,3.24,0.6747,0.07,0.7107,2.39,1.76,0.76,35.8,214.5,2026-07-22T13:00:12.789002,USA,-31.81,-29.67,Bearish,Turning Up,False,,False,,5,D,False,[],False,Bullish,9,False,7,--,False,False,
CMC,CMC,--,--,67.7,USD,84.87,20.2,7489.3,1200.9,,7798.5,2.03,0.084,0.323,0.1565,1.55,0.83,0.73,86.7,112.3,2026-07-22T13:00:15.147932,USA,-37.99,-31.81,Bearish,Strong BUY,False,,False,,3,B,False,['SOW: vol spadkowy 1.4x > wzrostowy'],False,OVERBOUGHT,5,False,7,--,False,False,
FSSL,FSSL,--,--,11.1,USD,15.0,26.0,842.7,332.5,,75.5,,,0.372,,0.24,0.48,,-50.0,,2026-07-22T13:00:16.317817,USA,-54.89,-56.75,OVERSOLD,Strong BUY,False,,False,,1,A,False,[],False,Bullish,4,False,7,--,False,False,
B,B,--,--,36.37,USD,54.69,33.5,61084.8,11841.1,,16956.0,2.33,0.1572,0.196,0.5126,0.96,0.76,,26.3,,2026-07-22T13:00:16.806773,USA,-66.76,-63.3,OVERSOLD,Turning Up,False,,False,,0,–,False,[],True,Bearish,0,False,7,Bullish,False,False,1.0
TROO,TROO,--,--,2.1,USD,5.28,60.2,256.5,419.1,,17.1,0.92,-0.3268,0.0,0.0915,,,,,,2026-07-22T13:00:20.320265,USA,-42.89,-45.45,OVERSOLD,Strong BUY,False,,False,,1,A,False,['UT High=5.28 Close=4.03 (vol 4.9x)'],False,Bullish,8,False,7,--,False,False,
TIMB,TIMB,--,--,22.26,USD,28.22,21.1,10634.4,377.2,,26624.7,0.86,0.1649,0.69,0.5393,1.7,2.5,,-32.0,,2026-07-22T13:00:27.283766,USA,-36.57,-49.64,Bearish,Strong BUY,False,,False,,0,–,False,[],False,Bullish,18,False,7,--,False,False,
ORLY,ORLY,--,--,87.97,USD,108.72,19.1,72902.1,7582.1,,17782.0,0.12,0.3582,,0.5159,0.72,0.71,0.6233,1.4,15.5,2026-07-22T13:00:28.150866,USA,-35.23,-40.03,Bearish,Strong BUY,False,,False,,0,–,False,[],False,Bearish,1,False,7,--,False,False,
YOU,YOU,--,--,56.9,USD,62.73,9.3,5733.5,1449.1,,900.8,1.01,0.3324,0.632,0.6442,0.39,0.31,0.26,25.8,50.0,2026-07-22T13:00:30.753163,USA,-6.26,-9.65,Bearish,BUY,False,,False,,0,–,False,['UT High=61.51 Close=56.65 (vol 1.5x)'],False,Bullish,2,False,7,--,False,False,
JBS,JBS,--,--,11.95,USD,18.65,35.9,39304.1,7096.5,,86184.2,0.91,0.126,2.626,0.1311,0.2,0.39,0.47,-48.7,-57.4,2026-07-22T13:00:34.819531,USA,-71.67,-72.47,OVERSOLD,Strong BUY,False,,False,,0,–,False,[],False,Bearish,4,False,7,--,False,False,
CRC,California Resources Corporatio,United States,Energy,53.31,USD,71.98,25.9,4733.7,807.2,-5.13,3403.0,0.79,0.0514,0.37,0.4284,-8.02,0.14,1.26,-5828.6,-736.5,2026-07-22T13:00:39.441875,USA,-69.42,-72.28,OVERSOLD,Strong BUY,False,,False,,0,–,False,['UT High=65.91 Close=61.06 (vol 1.5x)'],False,Bullish,8,False,7,--,False,False,
AORT,"Artivion, Inc.",United States,Healthcare,24.94,USD,48.25,48.3,1210.7,775.6,0.25,441.3,2.62,0.0246,0.575,0.644,0.03,0.05,-0.01,-40.0,400.0,2026-07-22T13:00:39.915594,USA,-25.74,-40.45,Bearish,Strong BUY,False,,False,,1,A,False,[],False,OVERBOUGHT,3,False,7,--,False,False,
KODK,Eastman Kodak Company,United States,Industrials,7.78,USD,14.87,47.7,761.7,1068.2,-1.87,1069.0,2.32,-0.1265,0.351,0.217,-0.21,-1.1088,-0.12,81.1,-75.0,2026-07-22T13:00:45.464089,USA,-87.83,-84.67,OVERSOLD,Turning Up,False,,False,,5,D,False,['UT High=14.87 Close=11.41 (vol 1.5x)'],False,OVERSOLD,1,False,7,--,False,False,
WRN,Western Copper and Gold Corpora,Canada,Basic Materials,2.2,USD,4.26,48.4,496.4,1969.9,0.01,0.0,19.69,-0.0345,0.001,,-0.01,0.0,,,,2026-07-22T13:00:49.064545,USA,-68.68,-66.12,OVERSOLD,Turning Up,False,,False,,5,D,False,['UT High=4.26 Close=3.19 (vol 2.9x)'],False,Bearish,1,False,7,--,False,False,
THRM,Gentherm Inc,United States,Consumer Cyclical,36.64,USD,39.48,7.2,1123.6,331.3,0.73,1498.6,1.3,0.0598,0.343,0.2417,0.14,0.1,0.0,40.0,,2026-07-22T13:00:50.840777,USA,38.67,37.24,Bullish,BUY,False,,False,,4,D,False,[],False,OVERBOUGHT,9,False,7,--,False,False,
PSIX,"Power Solutions International, ",United States,Industrials,31.78,USD,121.78,73.9,732.5,701.8,4.43,722.4,1.77,0.3767,0.857,0.2559,0.32,0.7,0.83,-54.3,-61.4,2026-07-22T13:00:52.729330,USA,-90.94,-90.01,OVERSOLD,Turning Up,False,,False,,2,A,False,[],True,OVERSOLD,0,False,7,--,False,False,
SR,Spire Inc.,United States,Utilities,80.59,USD,95.31,15.4,4764.2,539.4,4.9,2476.4,0.21,0.0476,1.526,0.4154,4.6,1.54,3.51,198.7,31.1,2026-07-22T13:00:55.747714,USA,-32.39,-42.1,Bearish,Strong BUY,False,,False,,0,–,False,[],False,Bearish,10,False,7,--,False,False,
INGR,Ingredion Incorporated,United States,Consumer Defensive,101.8,USD,135.68,25.0,6419.4,898.3,10.4,7219.0,1.73,0.1375,0.454,0.2532,2.22,2.56,3.0,-13.3,-26.0,2026-07-22T13:00:56.074686,USA,-24.12,-41.64,Bearish,Strong BUY,False,,False,,1,A,False,['SOW: vol spadkowy 1.3x > wzrostowy'],False,OVERBOUGHT,11,False,7,--,False,False,
WDS,Woodside Energy Group Limited,Australia,Energy,22.23,USD,25.19,11.8,42261.5,894.5,1.42,12984.0,1.46,0.0583,0.382,0.3494,,,,,,2026-07-22T13:00:56.114737,USA,-28.85,-43.88,Bearish,Strong BUY,False,,False,,0,–,False,['BC przy 24.14 (vol 2.2x)'],False,OVERBOUGHT,2,False,7,--,False,False,
BVN,Buenaventura Mining Company Inc,Peru,Basic Materials,31.25,USD,44.67,30.0,7937.1,1287.4,4.28,1731.6,1.88,0.0942,0.002,0.4518,1.32,0.66,,100.0,,2026-07-22T13:00:59.464412,USA,-45.27,-47.38,OVERSOLD,Strong BUY,False,,False,,0,–,True,"['UT High=40.12 Close=33.29 (vol 1.6x)', 'SOW: vol spadkowy 1.3x > wzrostowy']",False,OVERBOUGHT,7,False,7,--,False,False,
CENX,Century Aluminum Company,United States,Basic Materials,44.8,USD,70.43,36.4,4434.0,1997.3,3.36,2527.9,0.98,0.0981,0.681,0.1014,3.23,0.02,0.29,16050.0,1013.8,2026-07-22T13:01:00.271372,USA,-80.27,-74.12,OVERSOLD,Turning Up,False,,False,,5,D,False,['UT High=34.52 Close=30.79 (vol 1.8x)'],True,Bearish,0,False,7,--,False,False,
ELVA,Electrovaya Inc.,Canada,Industrials,10.19,USD,12.78,20.3,504.5,973.7,0.11,63.6,2.93,0.1166,0.725,0.3062,0.02,0.02,-0.01,0.0,300.0,2026-07-22T13:01:01.654418,USA,-31.43,-31.13,Bearish,Strong BUY,False,,False,,0,–,False,['UT High=11.88 Close=8.85 (vol 1.4x)'],False,Bearish,4,False,7,--,False,False,
FULC,FULC,--,--,3.68,USD,15.74,76.6,245.2,2456.4,,0.0,27.4,-0.4301,0.018,,-0.25,-0.31,-0.28,19.4,10.7,2026-07-22T13:00:13.269469,USA,-65.1,-65.65,OVERSOLD,Strong BUY,False,,False,,0,–,True,"['BC przy 13.00 (vol 7.3x)', 'UT High=10.11 Close=8.75 (vol 1.9x)']",False,Bearish,2,False,6,--,False,False,
SOBO,SOBO,--,--,37.48,USD,38.45,2.5,7817.8,923.4,,1986.0,1.43,0.067,2.138,0.718,0.37,0.26,0.42,42.3,-11.9,2026-07-22T13:00:13.511872,USA,44.09,41.41,OVERBOUGHT,BUY,False,,False,,4,D,False,['UT High=34.41 Close=32.71 (vol 1.6x)'],False,OVERBOUGHT,10,False,6,--,False,False,
MATV,MATV,--,--,8.08,USD,15.48,47.8,445.3,475.0,,,1.08,,2.173,,-0.22,1.8,-7.82,-112.2,97.2,2026-07-22T13:00:18.373075,USA,-34.73,-42.36,Bearish,Strong BUY,False,,False,,2,A,False,[],False,OVERBOUGHT,10,False,6,--,False,False,
CHRD,CHRD,--,--,134.19,USD,151.95,11.7,7554.8,793.5,,4877.1,0.98,0.0083,0.201,0.1776,1.9,1.48,3.66,28.4,-48.1,2026-07-22T13:00:23.071449,USA,-35.48,-44.7,Bearish,Strong BUY,False,,False,,0,–,False,['BC przy 122.38 (vol 2.1x)'],False,OVERBOUGHT,9,False,6,--,False,False,
ICL,ICL,--,--,5.25,USD,7.08,25.8,6776.3,1417.6,,7153.0,0.71,0.0486,0.461,0.3056,0.1,-0.06,0.07,266.7,42.9,2026-07-22T13:00:23.298967,USA,-75.58,-73.07,OVERSOLD,Turning Up,False,,False,,4,C,False,[],False,OVERBOUGHT,5,False,6,--,False,False,
AHCO,AHCO,--,--,11.21,USD,13.43,16.5,1525.2,1451.8,,3244.9,0.81,0.0532,1.253,0.1877,-0.12,-0.76,-0.05,84.2,-140.0,2026-07-22T13:00:24.351118,USA,-19.4,-34.98,Bearish,Strong BUY,False,,False,,3,B,False,['UT High=10.68 Close=9.50 (vol 1.8x)'],False,OVERBOUGHT,4,False,6,--,False,False,
GPRK,GPRK,--,--,10.15,USD,11.87,14.5,658.7,545.5,,492.5,1.51,0.193,2.358,0.4757,0.36,0.6017,,-40.2,,2026-07-22T13:00:25.480386,USA,-33.83,-30.06,Bearish,Turning Up,False,,False,,4,C,False,['BC przy 9.78 (vol 2.4x)'],False,Bullish,9,False,6,--,False,False,
AKR,AKR,--,--,22.72,USD,22.9,0.8,3033.5,1450.1,,410.8,1.24,0.0185,0.863,0.6993,0.22,0.04,0.01,450.0,2100.0,2026-07-22T13:00:25.958069,USA,35.87,24.99,Bullish,BUY,False,,False,,4,D,False,['UT High=22.69 Close=21.88 (vol 2.3x)'],False,OVERBOUGHT,11,False,6,--,False,False,
HWM,HWM,--,--,279.0,USD,290.63,4.0,111630.0,2797.6,,8252.0,1.09,0.2,0.6,0.3417,1.44,0.92,0.84,56.5,71.4,2026-07-22T13:00:27.399708,USA,31.99,30.17,Bullish,BUY,False,,False,,1,A,False,[],True,Bullish,0,False,6,--,False,False,
TALO,TALO,--,--,14.77,USD,17.05,13.4,2465.5,1889.9,,1780.1,1.3,-0.0191,0.573,0.0992,-1.52,-1.19,-0.05,-27.7,-2940.0,2026-07-22T13:00:27.793580,USA,-31.43,-35.99,Bearish,Strong BUY,False,,False,,0,–,False,[],False,OVERBOUGHT,11,False,6,--,False,False,
PONY,PONY,--,--,6.91,USD,24.92,72.3,3001.8,4338.3,,90.0,13.67,-0.1443,0.017,0.1573,,,,,,2026-07-22T13:00:28.959916,USA,-86.55,-85.92,OVERSOLD,Turning Up,False,,False,,5,D,False,['SOW: vol spadkowy 1.3x > wzrostowy'],True,Bearish,0,False,6,--,False,False,
KRO,KRO,--,--,6.73,USD,7.89,14.7,774.3,325.9,,1859.4,0.99,-0.0296,0.769,0.1146,-0.04,-0.72,0.16,94.4,-125.0,2026-07-22T13:00:28.956050,USA,-35.94,-40.27,Bearish,Strong BUY,False,,False,,0,–,False,[],False,Bullish,5,False,6,--,False,False,
CRM,CRM,--,--,170.06,USD,274.0,37.9,139279.1,14822.2,,41525.0,0.76,0.1029,0.29,0.7768,2.42,2.07,1.59,16.9,52.2,2026-07-22T13:00:34.801041,USA,-37.84,-42.93,Bearish,Strong BUY,False,,False,,0,–,False,[],False,OVERBOUGHT,3,False,6,--,False,False,
IVA,IVA,--,--,4.48,USD,7.98,43.9,1058.3,879.7,,4.5,3.16,-1.8248,,,,,,,,2026-07-22T13:00:35.065420,USA,-30.89,-45.61,Bearish,Strong BUY,False,,False,,0,–,False,['UT High=7.98 Close=4.30 (vol 9.5x)'],False,OVERBOUGHT,3,False,6,--,False,False,
WFRD,WFRD,--,--,83.32,USD,113.15,26.4,5976.9,1348.5,,4918.0,1.65,0.2296,0.966,0.3119,1.49,1.91,1.03,-22.0,44.7,2026-07-22T13:00:35.273332,USA,-75.23,-69.97,OVERSOLD,Turning Up,False,,False,,0,–,False,['UT High=110.29 Close=90.57 (vol 1.6x)'],True,Bearish,0,False,6,--,False,False,
LITE,LITE,--,--,837.56,USD,1085.68,22.9,65162.2,5584.7,,1645.0,3.18,-0.0291,2.299,0.2796,1.5,0.89,-0.64,68.5,334.4,2026-07-22T13:00:37.167019,USA,-42.94,-43.94,OVERSOLD,Strong BUY,False,,False,,2,A,True,"['BC przy 706.35 (vol 2.1x)', 'UT High=1021.00 Close=903.80 (vol 1.3x)']",False,Bullish,1,False,6,--,False,False,
MSFT,MSFT,--,--,397.75,USD,555.45,28.4,2954659.9,39239.8,,281724.0,1.35,0.2366,0.176,0.6882,4.27,5.16,3.46,-17.2,23.4,2026-07-22T13:00:37.665210,USA,-29.36,-30.87,Bearish,BUY,False,,False,,2,A,False,[],False,OVERBOUGHT,1,False,6,--,False,False,
EVTL,Vertical Aerospace Ltd.,United Kingdom,Industrials,1.64,USD,7.33,77.6,208.8,2680.9,-2.44,0.0,0.45,,,,-0.3,-1.76,,83.0,,2026-07-22T13:00:41.627112,USA,-77.99,-77.33,OVERSOLD,Turning Up,False,,False,,4,C,False,['UT High=7.33 Close=5.76 (vol 2.1x)'],False,OVERSOLD,1,False,6,--,False,False,
GCT,GigaCloud Technology Inc,United States,Technology,38.49,USD,51.86,25.8,1435.3,731.4,3.95,1289.9,1.47,0.2573,0.967,0.2331,1.04,1.04,0.68,0.0,52.9,2026-07-22T13:00:46.230753,USA,-32.87,-50.15,Bearish,Strong BUY,False,,False,,0,–,True,"['BC przy 44.34 (vol 2.0x)', 'UT High=48.00 Close=44.34 (vol 2.0x)']",False,OVERBOUGHT,12,False,6,--,False,False,
BG,Bunge Limited,United States,Consumer Defensive,121.55,USD,134.87,9.9,23582.9,1648.3,3.8,70329.0,0.74,0.0342,0.997,0.0485,0.35,0.49,1.48,-28.6,-76.4,2026-07-22T13:00:48.977804,USA,-23.31,-34.91,Bearish,Strong BUY,False,,False,,0,–,False,['UT High=127.69 Close=117.44 (vol 1.5x)'],False,OVERBOUGHT,10,False,6,--,False,False,
CLS,"Celestica, Inc.",Canada,Technology,339.59,USD,474.03,28.4,39043.7,2150.8,8.25,12390.9,0.88,0.3384,0.35,0.1206,1.83,2.31,0.74,-20.8,147.3,2026-07-22T13:00:49.815920,USA,-55.85,-50.17,OVERSOLD,Turning Up,False,,False,,0,–,False,['UT High=474.03 Close=371.71 (vol 1.4x)'],True,Bearish,0,False,6,--,False,False,
BTE,Baytex Energy Corp,Canada,Energy,4.23,USD,5.36,21.1,3014.3,20219.5,-0.32,1684.6,3.61,0.1097,0.049,0.2532,-0.09,0.04,,-325.0,,2026-07-22T13:00:53.140821,USA,-59.73,-57.32,OVERSOLD,Turning Up,False,,False,,4,C,False,['UT High=4.54 Close=4.24 (vol 1.5x)'],False,Bullish,9,False,6,--,False,False,
GRFS,"Grifols, S.A.",Spain,Healthcare,7.75,USD,11.14,30.4,5274.5,691.0,0.69,7524.0,0.88,0.0602,1.815,0.38,0.1073,0.17,,-36.9,,2026-07-22T13:00:53.905430,USA,-37.13,-48.56,Bearish,Strong BUY,False,,False,,0,–,False,[],False,OVERBOUGHT,3,False,6,--,False,False,
WOOF,Petco Health and Wellness Compa,United States,Consumer Cyclical,2.7,USD,4.51,40.1,771.0,1931.7,0.02,5961.5,0.38,0.0318,2.461,0.3867,-0.05,-0.01,-0.04,-400.0,-25.0,2026-07-22T13:00:54.136093,USA,-38.85,-38.48,Bearish,Strong BUY,False,,False,,2,A,False,[],False,OVERBOUGHT,3,False,6,--,False,False,
VCYT,"Veracyte, Inc.",United States,Healthcare,59.53,USD,60.91,2.3,4750.1,1236.7,1.08,517.1,7.81,0.0774,0.03,0.701,0.35,0.51,0.09,-31.4,288.9,2026-07-22T13:00:54.214260,USA,82.32,81.79,OVERBOUGHT,BUY,False,,False,,4,D,False,[],False,Bullish,4,False,6,--,False,False,
ROST,"Ross Stores, Inc.",United States,Consumer Cyclical,235.81,USD,242.81,2.9,75643.4,3058.7,7.17,22750.6,1.04,0.3335,0.842,0.2771,2.02,2.0,1.47,1.0,37.4,2026-07-22T13:00:54.757465,USA,19.86,10.98,Bullish,BUY,False,,False,,0,–,False,['UT High=236.95 Close=231.28 (vol 1.6x)'],False,OVERBOUGHT,8,False,6,--,False,False,
AG,First Majestic Silver Corp.,Canada,Basic Materials,16.87,USD,32.04,47.3,8329.9,11987.9,0.59,1265.2,2.41,0.0543,0.112,0.3557,0.26,0.06,,333.3,,2026-07-22T13:00:58.914510,USA,-62.91,-62.06,OVERSOLD,Turning Up,False,,False,,0,–,False,['UT High=27.87 Close=20.82 (vol 2.0x)'],True,Bearish,0,False,6,--,False,False,
RXST,"RxSight, Inc.",United States,Healthcare,5.25,USD,13.22,60.3,217.3,1070.4,-1.05,134.5,9.75,-0.1814,0.04,0.766,-0.38,-0.22,-0.2,-72.7,-90.0,2026-07-22T13:00:59.644972,USA,-38.1,-45.67,Bearish,Strong BUY,False,,False,,0,–,False,[],False,Bullish,3,False,6,--,False,False,
RZLT,"Rezolute, Inc.",United States,Healthcare,5.09,USD,11.46,55.6,490.1,1873.0,-0.81,0.0,14.37,-0.9085,0.01,,-0.16,-0.22,-0.27,27.3,40.7,2026-07-22T13:00:59.975689,USA,57.37,56.89,OVERBOUGHT,BUY,False,,False,,4,D,False,['UT High=5.26 Close=5.04 (vol 1.4x)'],True,Bearish,0,True,6,--,False,False,
PR,Permian Resources Corporation,United States,Energy,20.98,USD,22.67,7.5,17566.3,11410.3,0.89,5065.2,0.78,0.0919,0.358,0.4105,,,,,,2026-07-22T13:01:02.030245,USA,-12.13,-33.73,Bearish,Strong BUY,False,,False,,0,–,False,['UT High=22.48 Close=19.55 (vol 1.4x)'],False,OVERBOUGHT,10,False,6,--,False,False,
ICE,Intercontinental Exchange Inc.,United States,Financial Services,138.67,USD,189.35,26.8,78419.6,4255.3,6.86,12640.0,,,,0.5616,,,,,,2026-07-22T13:01:02.604805,USA,-28.09,-41.73,Bearish,Strong BUY,False,,False,,0,–,False,[],False,OVERBOUGHT,11,False,6,--,False,False,
AQN,AQN,--,--,5.76,USD,7.11,19.0,4433.3,4325.8,,2433.6,0.82,0.028,1.408,0.7371,0.11,0.04,0.12,175.0,-8.3,2026-07-22T13:01:04.144055,USA,-30.81,-40.6,Bearish,Strong BUY,False,,False,,0,–,False,['UT High=6.48 Close=6.25 (vol 1.5x)'],False,OVERBOUGHT,8,False,6,--,False,False,
COIN,COIN,--,--,175.85,USD,405.31,56.6,46329.6,8719.6,,7181.3,,,,0.7464,-1.49,-2.49,0.24,40.2,-720.8,2026-07-22T13:01:04.189274,USA,-38.63,-45.94,Bearish,Strong BUY,False,,False,,0,–,False,[],True,Bullish,0,True,6,--,False,False,
EVEX,EVEX,--,--,2.45,USD,7.44,67.1,853.3,1174.6,,0.0,3.29,-1.0895,1.453,,-0.2,-0.14,,-42.9,,2026-07-22T13:01:06.049340,USA,-68.03,-62.86,OVERSOLD,Turning Up,False,,False,,4,C,False,[],True,Bearish,0,False,6,--,False,False,
VIAV,VIAV,--,--,43.02,USD,60.43,28.8,10612.4,7368.2,,1084.3,1.3,0.0526,0.887,0.5728,0.03,-0.21,0.09,114.3,-66.7,2026-07-22T13:00:11.633716,USA,-46.13,-39.41,OVERSOLD,Turning Up,False,,False,,2,A,False,['UT High=38.08 Close=34.64 (vol 1.5x)'],True,Bearish,0,False,5,--,False,False,
XOM,XOM,--,--,151.71,USD,176.41,14.0,628830.0,16822.8,,323905.0,0.79,0.0669,0.161,0.2199,1.0,1.53,1.76,-34.6,-43.2,2026-07-22T13:00:20.659814,USA,-37.48,-51.65,Bearish,Strong BUY,False,,False,,0,–,False,['UT High=175.22 Close=159.61 (vol 1.3x)'],False,OVERBOUGHT,6,False,5,--,False,False,
MLI,MLI,--,--,62.3,USD,70.95,12.2,13774.5,1424.3,,4178.5,4.68,0.3456,0.009,0.2902,1.08,0.69,0.695,56.5,55.4,2026-07-22T13:00:23.115208,USA,-31.83,-25.03,Bearish,Turning Up,False,,False,,0,–,False,['UT High=69.24 Close=58.59 (vol 2.3x)'],False,OVERBOUGHT,3,False,5,--,False,False,
DD,DD,--,--,138.79,USD,157.98,12.1,18739.3,1323.2,,6849.0,1.91,0.0232,0.229,0.345,1.17,-0.9,-4.23,230.0,127.7,2026-07-22T13:00:27.478641,USA,-43.36,-37.91,OVERSOLD,Turning Up,False,,False,,0,–,False,[],False,Bearish,1,False,5,--,False,False,
MSM,MSM,--,--,126.43,USD,127.51,0.8,7060.6,791.0,,3769.5,0.8,0.1399,0.388,0.4075,1.44,0.76,1.02,89.5,41.2,2026-07-22T13:00:36.256279,USA,82.63,80.81,OVERBOUGHT,BUY,False,,False,,4,D,False,['UT High=107.98 Close=103.90 (vol 1.3x)'],False,OVERBOUGHT,7,False,5,--,False,False,
NOV,NOV,--,--,20.19,USD,21.55,6.3,7246.0,4229.2,,8744.0,1.67,0.0385,0.373,0.2021,0.05,-0.21,0.19,123.8,-73.7,2026-07-22T13:00:36.414033,USA,-18.11,-26.78,Bearish,BUY,False,,False,,0,–,False,['UT High=20.75 Close=19.69 (vol 1.4x)'],False,OVERBOUGHT,8,False,5,--,False,False,
PIPR,PIPR,--,--,77.24,USD,95.07,18.8,5219.7,627.3,,1836.3,,,0.085,,0.92,1.6,0.9125,-42.5,0.8,2026-07-22T13:00:38.220255,USA,-38.22,-47.37,Bearish,Strong BUY,False,,False,,0,–,False,[],False,OVERBOUGHT,5,False,5,--,False,False,
DAN,Dana Incorporated,United States,Consumer Cyclical,27.43,USD,39.56,30.7,2950.8,1503.8,-0.54,7500.0,0.86,0.0528,4.188,0.0803,9.89,0.64,-0.55,1445.3,1898.2,2026-07-22T13:00:40.134366,USA,-67.47,-67.79,OVERSOLD,Strong BUY,False,,False,,0,–,True,"['UT High=21.87 Close=20.07 (vol 1.4x)', 'SOW: vol spadkowy 1.6x > wzrostowy']",True,Bullish,0,False,5,--,False,False,
LEA,Lear Corporation,United States,Consumer Cyclical,142.82,USD,150.33,5.0,7154.6,618.5,10.0,23259.1,1.05,0.0726,0.578,0.0647,3.34,1.58,1.49,111.4,124.2,2026-07-22T13:00:43.474842,USA,17.43,17.27,Bullish,BUY,False,,False,,0,–,False,[],False,OVERBOUGHT,8,False,5,--,False,False,
SLI,Standard Lithium Ltd.,Canada,Basic Materials,2.27,USD,6.4,64.5,553.6,1799.1,-0.24,0.0,15.63,-0.1002,0.001,,-0.01,-0.03,,66.7,,2026-07-22T13:00:44.379842,USA,-85.36,-81.61,OVERSOLD,Turning Up,False,,False,,0,–,False,[],False,OVERSOLD,2,False,5,--,False,False,
TRIN,Trinity Capital Inc.,United States,Financial Services,17.93,USD,18.12,1.0,1611.7,1071.5,1.89,204.6,,,1.183,,0.36,0.51,0.43,-29.4,-16.3,2026-07-22T13:00:46.072893,USA,72.36,70.95,OVERBOUGHT,BUY,False,,False,,4,D,False,[],False,OVERBOUGHT,4,False,5,--,False,False,
VFS,VinFast Auto Ltd.,Vietnam,Consumer Cyclical,3.19,USD,5.28,39.6,7463.1,538.8,-1.83,90178628.0,0.31,-6.9899,,-0.4537,-11994.0,-15004.0,-7556.0,20.1,-58.7,2026-07-22T13:00:52.148396,USA,-70.17,-73.2,OVERSOLD,Strong BUY,False,,False,,2,A,True,"['BC przy 4.36 (vol 3.6x)', 'UT High=5.28 Close=4.36 (vol 3.6x)']",False,Bullish,5,False,5,--,False,False,
AEM,Agnico Eagle Mines Limited,Canada,Basic Materials,141.62,USD,255.24,44.5,70815.1,2610.2,10.62,11907.9,1.33,0.1446,0.013,0.5813,3.38,3.04,1.62,11.2,108.6,2026-07-22T13:00:52.334779,USA,-79.85,-78.37,OVERSOLD,Turning Up,False,,False,,0,–,False,['UT High=224.05 Close=189.69 (vol 1.6x)'],True,OVERSOLD,0,False,5,--,False,False,
HASI,HA Sustainable Infrastructure C,United States,Financial Services,38.41,USD,44.13,13.0,4908.8,1051.4,0.4,400.5,3.66,-0.0027,1.85,0.2699,-0.57,-0.43,0.44,-32.6,-229.5,2026-07-22T13:00:52.822947,USA,-25.11,-25.41,Bearish,BUY,False,,False,,0,–,False,[],False,Bullish,5,False,5,--,False,False,
VSXY,Victorias Secret & Co.,United States,Consumer Cyclical,87.09,USD,89.71,2.9,6922.9,2259.2,2.51,6553.0,0.54,0.0824,3.325,0.3638,0.56,2.139,-0.0208,-73.8,2787.3,2026-07-22T13:00:55.629742,USA,72.01,69.95,OVERBOUGHT,BUY,False,,False,,4,D,False,['BC przy 74.60 (vol 2.4x)'],False,OVERBOUGHT,5,False,5,--,False,False,
EC,Ecopetrol S.A.,Colombia,Energy,16.53,USD,17.75,6.9,33982.9,2996.7,1.4,119694000.0,1.3,0.0884,1.342,0.3144,1404.2958,742.764,1521.0367,89.1,-7.7,2026-07-22T13:00:56.928992,USA,27.01,24.46,Bullish,BUY,False,,False,,0,–,False,['UT High=17.75 Close=14.72 (vol 1.5x)'],False,OVERBOUGHT,8,False,5,--,False,False,
MTA,Metalla Royalty & Streaming Ltd,Canada,Basic Materials,7.54,USD,9.25,18.5,704.6,475.1,-0.04,11.7,2.41,-0.0003,0.048,0.8092,0.001,0.01,,-90.0,,2026-07-22T13:00:58.675464,USA,20.16,18.85,Bullish,BUY,False,,False,,4,C,False,['UT High=8.96 Close=7.51 (vol 1.4x)'],False,Bullish,5,False,5,--,False,False,
VZ,Verizon Communications Inc.,United States,Communication Services,43.78,USD,51.68,15.3,182806.0,26883.6,4.1,138191.0,0.87,0.0707,1.739,0.5892,1.2,0.55,1.15,118.2,4.3,2026-07-22T13:01:00.885166,USA,-24.77,-27.57,Bearish,BUY,False,,False,,0,–,False,[],False,Bullish,6,False,5,--,False,False,
NIU,NIU,--,--,2.71,USD,5.67,52.2,212.6,404.9,,4307.9,0.85,-2.4806,0.709,0.1958,-1.16,-1.1,-0.48,-5.5,-141.7,2026-07-22T13:01:05.904158,USA,-24.89,-46.6,Bearish,Strong BUY,False,,False,,2,A,False,['SOW: vol spadkowy 1.8x > wzrostowy'],False,OVERBOUGHT,11,False,5,--,False,False,
MAT,"Mattel, Inc.",--,--,14.2,USD,22.48,36.8,4126.1,4828.0,,5347.6,,,,0.4873,0.2,0.34,-0.12,-41.2,266.7,2026-07-22T13:01:05.866240,USA,-23.16,-35.73,Bearish,Strong BUY,False,,False,,0,–,False,['UT High=22.48 Close=16.47 (vol 4.1x)'],False,OVERBOUGHT,6,False,5,OVERSOLD,False,True,1.0
CIG,CIG,--,--,2.15,USD,2.76,22.1,6150.5,6367.6,,42751.0,1.0,0.1079,0.696,0.1693,0.3422,0.2785,,22.9,,2026-07-22T13:00:10.763737,USA,-32.17,-44.17,Bearish,Strong BUY,False,,False,,0,–,True,"['BC przy 2.07 (vol 2.5x)', 'UT High=2.65 Close=2.55 (vol 1.4x)']",False,Bullish,16,False,4,--,False,False,
OEC,OEC,--,--,7.2,USD,11.6,37.9,406.0,597.0,,1806.7,0.59,0.0831,2.891,0.1991,-0.18,-0.38,0.16,52.6,-212.5,2026-07-22T13:00:12.851248,USA,-21.5,-25.47,Bearish,BUY,False,,False,,2,A,False,['SOW: vol spadkowy 1.4x > wzrostowy'],False,OVERBOUGHT,5,False,4,--,False,False,
TGB,TGB,--,--,7.72,USD,9.25,16.5,2822.8,4950.9,,672.9,0.92,0.032,0.959,0.2199,0.05,-0.09,,155.6,,2026-07-22T13:00:13.770664,USA,-7.4,-14.57,Bearish,BUY,False,,False,,2,A,False,['UT High=9.25 Close=7.85 (vol 1.4x)'],True,Bullish,0,True,4,--,False,False,
PVH,PVH,--,--,78.65,USD,100.75,21.9,3626.4,1116.3,,8950.2,0.85,0.0382,0.897,0.5752,1.9,-3.46,-0.88,154.9,315.9,2026-07-22T13:00:16.335970,USA,-41.73,-39.55,OVERSOLD,Turning Up,False,,False,,2,A,False,['UT High=100.75 Close=77.80 (vol 2.3x)'],False,Bullish,3,False,4,--,False,False,
SCCO,SCCO,--,--,188.01,USD,221.67,15.2,156862.1,1364.1,,13420.0,3.4,0.2982,0.672,0.5359,1.901,1.5315,1.1356,24.1,67.4,2026-07-22T13:00:19.324499,USA,-18.42,-19.8,Bearish,BUY,False,,False,,0,–,True,"['BC przy 185.07 (vol 2.1x)', 'UT High=212.78 Close=185.07 (vol 2.1x)']",True,OVERBOUGHT,0,True,4,--,False,False,
AIR,AIR,--,--,141.4,USD,146.75,3.6,5622.7,435.4,,2780.5,1.26,0.041,0.865,0.1898,1.71,0.9,-0.25,90.0,784.0,2026-07-22T13:00:21.068358,USA,66.12,65.81,OVERBOUGHT,BUY,False,,False,,0,–,False,['UT High=122.97 Close=107.25 (vol 1.8x)'],False,Bullish,2,False,4,--,False,False,
VZLA,VZLA,--,--,3.29,USD,7.19,54.2,1154.8,6124.6,,0.0,34.06,-0.0691,0.0,,-0.44,-0.02,-0.02,-2100.0,-2100.0,2026-07-22T13:00:22.316071,USA,-51.97,-48.72,OVERSOLD,Turning Up,False,,False,,2,A,False,['UT High=7.19 Close=5.08 (vol 2.5x)'],False,Bullish,7,False,4,--,False,False,
LAB,LAB,--,--,0.88,USD,1.72,48.8,344.5,3562.1,,85.3,4.01,-0.1676,0.073,0.4986,0.33,0.05,-0.07,560.0,571.4,2026-07-22T13:00:22.760864,USA,-38.66,-40.32,Bearish,Strong BUY,False,,False,,2,A,True,"['BC przy 1.50 (vol 2.2x)', 'UT High=1.56 Close=1.50 (vol 2.2x)']",False,Bearish,13,False,4,--,False,False,
SWMR,SWMR,--,--,46.18,USD,83.3,44.6,501.4,554.2,,0.3,7.92,,,0.4122,-0.28,-0.1361,,-105.7,,2026-07-22T13:00:23.214720,USA,-46.09,-42.37,OVERSOLD,Turning Up,False,,False,,0,–,False,[],True,Bearish,0,False,4,--,False,False,1.0
ACHR,ACHR,--,--,5.28,USD,14.62,63.9,4027.9,43351.1,,0.3,19.89,-0.5443,0.055,0.0,-0.28,-0.2,,-40.0,,2026-07-22T13:00:23.305736,USA,-66.12,-65.87,OVERSOLD,Turning Up,False,,False,,2,A,False,[],False,Bullish,1,False,4,--,False,False,
UAMY,UAMY,--,--,5.84,USD,19.71,70.4,865.4,10111.2,,39.3,4.15,-0.0619,0.002,0.2515,-0.08,-0.04,,-100.0,,2026-07-22T13:00:26.974920,USA,-79.07,-77.44,OVERSOLD,Turning Up,False,,False,,1,A,False,[],False,OVERSOLD,1,False,4,--,False,False,
CCOI,CCOI,--,--,12.7,USD,50.37,74.8,636.0,1362.5,,975.8,2.04,-0.0283,,0.4518,-0.83,-0.64,-1.09,-29.7,23.9,2026-07-22T13:00:27.103801,USA,-83.1,-82.97,OVERSOLD,Turning Up,False,,False,,2,A,False,[],True,Bearish,0,False,4,--,False,False,
NG,NG,--,--,5.63,USD,14.4,60.9,2470.3,3607.1,,0.0,23.79,-0.0907,1.02,,-0.06,-0.04,-0.03,-50.0,-100.0,2026-07-22T13:00:28.363254,USA,-80.44,-78.94,OVERSOLD,Turning Up,False,,False,,0,–,False,['UT High=14.40 Close=12.07 (vol 1.4x)'],True,OVERSOLD,0,False,4,--,False,False,
SID,SID,--,--,1.0,USD,2.2,54.5,1329.8,3655.8,,,0.71,,4.195,,-0.4642,-0.5439,-0.4669,14.7,0.6,2026-07-22T13:00:29.223094,USA,-69.54,-71.44,OVERSOLD,Strong BUY,False,,False,,0,–,True,"['UT High=2.20 Close=1.91 (vol 2.2x)', 'SOW: vol spadkowy 1.4x > wzrostowy']",False,Bullish,7,False,4,--,False,False,
GNK,GNK,--,--,25.36,USD,27.25,6.9,1105.1,333.3,,342.1,1.84,0.0062,0.217,0.1345,0.21,0.35,-0.28,-40.0,175.0,2026-07-22T13:00:30.855380,USA,-0.7,-6.51,Bearish,BUY,False,,False,,0,–,False,['UT High=23.91 Close=21.39 (vol 1.4x)'],False,Bullish,7,False,4,--,False,False,
GILT,GILT,--,--,11.64,USD,20.93,44.4,878.5,862.4,,451.7,1.6,0.0521,0.016,0.2952,0.07,0.13,-0.11,-46.2,163.6,2026-07-22T13:00:32.031039,USA,-84.49,-82.06,OVERSOLD,Turning Up,False,,False,,0,–,False,['UT High=20.93 Close=15.19 (vol 2.1x)'],True,OVERSOLD,0,False,4,--,False,False,
TROX,TROX,--,--,6.49,USD,10.59,38.7,1035.3,2879.9,,2898.0,0.67,-0.0041,2.392,0.0928,-0.65,-1.11,-0.7,41.4,7.1,2026-07-22T13:00:34.476180,USA,-77.03,-76.94,OVERSOLD,Turning Up,False,,False,,0,–,False,[],True,Bearish,0,False,4,--,False,False,
NBR,NBR,--,--,84.72,USD,112.9,25.0,1253.5,304.8,,3184.7,1.47,0.0643,4.24,0.195,-1.54,0.17,2.18,-1005.9,-170.6,2026-07-22T13:00:36.725094,USA,-56.17,-51.14,OVERSOLD,Turning Up,False,,False,,0,–,False,['UT High=72.06 Close=68.10 (vol 1.4x)'],False,Bullish,7,False,4,--,False,False,
GIL,GIL,--,--,53.73,USD,73.7,27.1,9949.8,1485.5,,3619.2,1.05,0.0779,1.299,0.3122,-0.36,0.35,0.56,-202.9,-164.3,2026-07-22T13:00:36.890878,USA,-20.37,-21.09,Bearish,BUY,True,"div_bull (cena -8.4%, SMI +11.9)",False,,2,A,True,"['UT High=62.01 Close=57.78 (vol 1.5x)', 'SOW: vol spadkowy 1.4x > wzrostowy']",False,OVERBOUGHT,6,False,4,--,False,False,
OLED,OLED,--,--,82.18,USD,153.38,46.4,3842.0,889.7,,650.6,7.83,0.1189,0.011,0.7631,0.76,1.39,1.35,-45.3,-43.7,2026-07-22T13:00:38.546532,USA,-61.46,-59.56,OVERSOLD,Turning Up,False,,False,,2,A,False,[],False,Bullish,1,False,4,--,False,False,
IBKR,"Interactive Brokers Group, Inc.",United States,Financial Services,94.42,USD,97.84,3.5,42062.7,4834.3,2.52,10222.0,1.13,0.1958,0.004,0.8977,0.59,0.63,0.485,-6.3,21.6,2026-07-22T13:00:39.703748,USA,49.74,52.02,OVERBOUGHT,Turning Up,False,,False,,2,A,False,[],False,Bullish,11,False,4,--,False,False,
CRSR,"Corsair Gaming, Inc.",United States,Technology,9.88,USD,13.1,24.6,1056.0,2529.3,0.09,1472.5,0.84,0.0029,0.301,0.2892,0.11,0.22,-0.1,-50.0,210.0,2026-07-22T13:00:41.594443,USA,-8.56,-9.77,Bearish,BUY,False,,False,,0,–,False,[],False,OVERBOUGHT,8,False,4,--,False,False,
PLAB,"Photronics, Inc.",United States,Technology,31.34,USD,56.0,44.0,1847.9,1505.7,2.93,849.3,4.99,0.1557,0.005,0.353,0.54,0.74,0.15,-27.0,260.0,2026-07-22T13:00:42.771104,USA,-79.72,-77.85,OVERSOLD,Turning Up,False,,False,,0,–,True,"['BC przy 36.31 (vol 5.4x)', 'UT High=45.40 Close=37.43 (vol 1.7x)', 'SOW: vol spadkowy 1.8x > wzrostowy']",False,Bullish,5,False,4,Bearish,False,False,2.0
FN,Fabrinet,Cayman Islands,Technology,527.35,USD,748.89,29.6,18894.8,985.3,12.45,3419.3,2.28,0.1779,0.003,0.1209,3.45,3.11,2.25,10.9,53.3,2026-07-22T13:00:47.173658,USA,-68.07,-66.65,OVERSOLD,Turning Up,False,,False,,5,D,True,"['UT High=748.89 Close=722.04 (vol 1.3x)', 'SOW: vol spadkowy 1.3x > wzrostowy']",False,Bullish,1,False,4,--,False,False,
IVZ,Invesco Ltd,United States,Financial Services,30.1,USD,31.02,3.0,13343.2,5270.4,-1.47,6377.1,12.0,-0.0144,0.8,0.3524,0.51,-2.63,0.38,119.4,34.2,2026-07-22T13:00:49.965048,USA,44.38,40.38,OVERBOUGHT,BUY,False,,False,,0,–,False,['UT High=24.15 Close=23.12 (vol 1.5x)'],False,OVERBOUGHT,11,False,4,--,False,False,
SM,SM Energy Company,United States,Energy,32.22,USD,35.88,10.2,7724.7,3990.4,2.37,3138.0,0.69,0.0832,0.564,0.3333,-1.68,0.95,1.59,-276.8,-205.7,2026-07-22T13:00:50.958967,USA,-14.83,-24.76,Bearish,BUY,False,,False,,3,B,False,[],False,OVERBOUGHT,10,False,4,--,False,False,
CRCL,"Circle Internet Group, Inc.",United States,Financial Services,71.08,USD,202.5,64.9,17668.8,15091.8,-0.23,2746.6,1.03,-0.0331,0.011,0.0867,0.21,0.43,0.0,-51.2,,2026-07-22T13:01:00.615306,USA,-83.36,-83.25,OVERSOLD,Turning Up,False,,False,,0,–,False,['UT High=140.00 Close=114.00 (vol 1.9x)'],True,Bearish,0,False,4,--,False,False,
PAAS,PAAS,--,--,44.43,USD,69.99,36.5,18720.6,4889.8,,3619.0,1.97,0.1168,0.122,0.3882,1.08,1.07,0.47,0.9,129.8,2026-07-22T13:01:04.321468,USA,-75.46,-72.87,OVERSOLD,Turning Up,False,,False,,0,–,False,['UT High=69.58 Close=54.28 (vol 2.2x)'],True,Bearish,0,False,4,--,False,False,
TMQ,TMQ,--,--,3.19,USD,11.29,71.7,551.1,2345.0,,0.0,1.57,-0.1027,0.001,,-0.04,-0.04,-0.02,0.0,-100.0,2026-07-22T13:01:04.584437,USA,-74.8,-70.47,OVERSOLD,Turning Up,False,,False,,0,–,False,[],True,Bearish,0,False,4,--,False,False,
SFL,SFL,--,--,11.44,USD,12.94,11.6,1521.4,1482.6,,,,,,,0.2,-0.04,-0.24,600.0,183.3,2026-07-22T13:01:04.928387,USA,-23.72,-29.78,Bearish,BUY,False,,False,,1,A,False,['UT High=10.86 Close=10.35 (vol 1.5x)'],True,OVERBOUGHT,0,True,4,--,False,False,
CUZ,CUZ,--,--,31.84,USD,32.35,1.6,5239.0,1844.0,,993.8,0.54,0.0216,0.725,0.6835,-0.15,-0.02,0.12,-650.0,-225.0,2026-07-22T13:01:06.716601,USA,83.09,83.03,OVERBOUGHT,BUY,False,,False,,4,C,False,[],False,OVERBOUGHT,4,False,4,--,False,False,
CPS.WA,CPS.WA,--,--,16.86,PLN,17.59,4.1,9287.6,982.7,,14323.6,1.26,0.0538,1.128,0.4519,0.24,0.1264,,89.9,,2026-07-22T13:01:07.122186,EU,45.01,46.23,OVERBOUGHT,Turning Up,False,,False,,5,D,False,[],False,OVERBOUGHT,3,False,4,--,False,False,
CX,CX,--,--,12.7,USD,13.67,7.1,18325.5,5044.4,,16132.0,0.62,0.0463,0.509,0.3292,0.156,-0.25,0.498,162.4,-68.7,2026-07-22T13:00:10.060532,USA,11.31,8.63,Bullish,BUY,False,,False,,0,–,False,[],False,Bullish,11,False,3,--,False,False,
WPC,WPC,--,--,75.23,USD,76.97,2.3,16756.7,1501.3,,1716.5,0.18,0.0482,1.074,0.8935,0.8,0.67,0.57,19.4,40.4,2026-07-22T13:00:11.222380,USA,25.55,16.4,Bullish,BUY,False,,False,,0,–,False,['UT High=72.75 Close=70.48 (vol 1.6x)'],False,OVERBOUGHT,6,False,3,--,False,False,
SSL,SSL,--,--,11.54,USD,14.37,19.7,7397.6,1548.1,,249096.0,1.27,0.0958,0.792,0.4254,,,,,,2026-07-22T13:00:15.826209,USA,-38.76,-47.03,Bearish,Strong BUY,False,,False,,0,–,True,"['BC przy 12.25 (vol 2.0x)', 'UT High=13.68 Close=12.75 (vol 1.7x)']",False,OVERBOUGHT,8,False,3,--,False,False,
TEL,TEL,--,--,209.01,USD,252.56,17.2,61009.1,2739.9,,17262.0,1.03,0.1041,0.462,0.3522,2.9,2.53,0.04,14.6,7150.0,2026-07-22T13:00:17.352247,USA,-35.37,-42.87,Bearish,Strong BUY,False,,False,,0,–,True,"['UT High=251.59 Close=213.84 (vol 2.1x)', 'SOW: vol spadkowy 1.4x > wzrostowy']",False,OVERBOUGHT,8,False,3,--,False,False,
INVX,INVX,--,--,26.39,USD,32.25,18.2,1842.6,423.3,,978.3,3.24,0.0804,0.075,0.31,-0.24,0.2,0.47,-220.0,-151.1,2026-07-22T13:00:19.353072,USA,-34.64,-38.42,Bearish,Strong BUY,False,,False,,0,–,True,"['BC przy 26.35 (vol 3.8x)', 'UT High=29.48 Close=26.35 (vol 3.8x)']",True,OVERBOUGHT,0,True,3,--,False,False,
GOF,GOF,--,--,10.66,USD,15.2,29.9,2260.4,1378.0,,154.2,,,0.189,,,,,,,2026-07-22T13:00:21.503523,USA,-12.36,-14.03,Bearish,BUY,False,,False,,1,A,False,[],False,Bearish,15,False,3,--,False,False,
ROAD,ROAD,--,--,103.21,USD,151.0,31.6,5835.0,830.3,,2812.4,1.34,0.0726,1.852,0.1561,0.16,0.31,0.08,-48.4,100.0,2026-07-22T13:00:26.490706,USA,-61.36,-59.27,OVERSOLD,Turning Up,False,,True,,1,A,True,"['UT High=151.00 Close=140.48 (vol 1.7x)', 'SOW: vol spadkowy 1.3x > wzrostowy']",False,Bearish,2,False,3,--,False,False,
CTO,CTO,--,--,22.53,USD,22.66,0.6,761.1,388.0,,149.5,6.5,0.0259,1.087,0.7464,0.13,0.82,0.01,-84.1,1200.0,2026-07-22T13:00:28.310674,USA,74.77,72.7,OVERBOUGHT,BUY,False,,False,,1,A,False,['UT High=20.52 Close=20.01 (vol 1.9x)'],False,OVERBOUGHT,4,False,3,--,False,False,
ORLA,ORLA,--,--,9.05,USD,21.98,58.8,3396.6,3400.9,,1057.9,0.92,0.2039,0.558,0.5315,0.2,0.14,,42.9,,2026-07-22T13:00:30.600197,USA,-82.66,-82.08,OVERSOLD,Turning Up,False,,False,,5,D,True,"['BC przy 14.16 (vol 3.0x)', 'UT High=20.02 Close=15.07 (vol 1.4x)', 'SOW: vol spadkowy 1.4x > wzrostowy']",True,OVERSOLD,0,False,3,--,False,False,
DDL,DDL,--,--,2.39,USD,3.41,29.9,522.6,452.7,,24359.9,0.93,0.1136,2.338,0.2917,0.75,0.135,0.03,455.6,2400.0,2026-07-22T13:00:30.786985,USA,-22.78,-41.93,Bearish,Strong BUY,False,,False,,4,C,True,"['BC przy 2.88 (vol 2.1x)', 'UT High=3.41 Close=2.88 (vol 2.1x)', 'SOW: vol spadkowy 1.4x > wzrostowy']",True,OVERBOUGHT,0,True,3,--,False,False,
RLJ,RLJ,--,--,12.24,USD,12.24,0.0,1859.6,2365.7,,,2.04,,1.067,,-0.05,-0.04,-0.02,-25.0,-150.0,2026-07-22T13:00:31.447853,USA,91.51,90.59,OVERBOUGHT,BUY,False,,False,,0,–,False,['UT High=9.03 Close=8.84 (vol 1.4x)'],False,OVERBOUGHT,5,False,3,--,False,False,
LBRT,LBRT,--,--,24.88,USD,34.48,27.8,4060.2,3701.8,,4006.1,0.96,0.0243,0.297,0.0843,0.14,0.26,0.31,-46.2,-54.8,2026-07-22T13:00:32.291405,USA,-73.92,-69.12,OVERSOLD,Turning Up,False,,False,,2,A,False,[],True,Bearish,0,False,3,--,False,False,
GAU,GAU,--,--,1.85,USD,3.62,48.9,483.2,3006.0,,447.8,0.6,0.2831,0.169,0.4136,0.12,-0.15,,180.0,,2026-07-22T13:00:35.239529,USA,-69.64,-67.37,OVERSOLD,Turning Up,False,,False,,0,–,True,"['UT High=3.62 Close=3.16 (vol 1.5x)', 'SOW: vol spadkowy 1.4x > wzrostowy']",True,OVERSOLD,0,False,3,--,False,False,
RTO,RTO,--,--,30.01,USD,34.67,13.4,15102.5,868.0,,6908.0,1.07,0.0556,1.115,0.8312,,,,,,2026-07-22T13:00:37.529106,USA,-38.36,-46.1,Bearish,Strong BUY,False,,False,,4,D,True,"['BC przy 31.77 (vol 2.9x)', 'UT High=33.05 Close=31.13 (vol 1.4x)']",False,Bullish,3,False,3,--,False,False,
CURB,CURB,--,--,31.75,USD,31.9,0.5,3620.7,1120.9,,182.9,5.11,0.0144,0.222,0.7488,0.03,0.09,0.1,-66.7,-70.0,2026-07-22T13:00:38.173409,USA,72.71,68.78,OVERBOUGHT,BUY,False,,False,,2,A,False,['UT High=24.50 Close=22.60 (vol 1.7x)'],False,OVERBOUGHT,5,False,3,--,False,False,
SGHC,Super Group (SGHC) Limited,Guernsey,Consumer Cyclical,15.59,USD,15.86,1.7,7920.9,3563.8,0.48,2231.0,1.94,0.6996,0.101,0.528,0.1706,0.1888,,-9.6,,2026-07-22T13:00:40.231929,USA,63.49,61.24,OVERBOUGHT,BUY,False,,False,,4,C,True,"['BC przy 13.09 (vol 2.2x)', 'UT High=14.21 Close=13.43 (vol 1.5x)']",True,Bullish,0,True,3,--,False,False,
ABTC,American Bitcoin Corp.,United States,Financial Services,6.47,USD,217.8,97.0,472.3,1215.8,-1.91,185.2,0.08,0.0012,0.283,0.5031,-1.2,-0.061,,-1868.2,,2026-07-22T13:00:41.979330,USA,-86.78,-84.34,OVERSOLD,Turning Up,False,,False,,1,A,False,['SOW: vol spadkowy 1.5x > wzrostowy'],False,OVERSOLD,4,False,3,--,False,False,
RPRX,Royalty Pharma plc,United States,Healthcare,58.42,USD,59.44,1.7,25896.1,3751.5,1.94,2378.2,2.4,0.0671,1.382,,0.5296,0.3849,0.4118,37.6,28.6,2026-07-22T13:00:42.222154,USA,71.66,72.16,OVERBOUGHT,Turning Up,False,,False,,0,–,False,[],False,Bullish,2,False,3,--,False,False,
PLD,"Prologis, Inc.",United States,Real Estate,149.94,USD,153.35,2.2,139794.8,3666.7,4.48,8790.1,0.91,0.034,0.671,0.7458,1.13,1.05,0.63,7.6,79.4,2026-07-22T13:00:42.586570,USA,26.24,16.92,Bullish,BUY,False,,False,,3,B,False,[],False,OVERBOUGHT,10,False,3,--,False,False,
ARX,Accelerant Holdings,Cayman Islands,Financial Services,13.52,USD,31.18,56.6,2950.1,1689.4,-6.49,879.5,,-0.1938,0.174,,-0.02,0.0,0.03,,-166.7,2026-07-22T13:00:48.738370,USA,-45.03,-43.24,OVERSOLD,Turning Up,False,,False,,0,–,False,[],False,Bullish,3,False,3,--,False,False,
DHT,"DHT Holdings, Inc.",Bermuda,Energy,18.47,USD,20.55,10.1,2974.4,3252.7,2.06,498.4,2.47,0.1185,0.379,0.3831,1.02,0.41,0.27,148.8,277.8,2026-07-22T13:00:50.481128,USA,-12.0,-14.41,Bearish,BUY,False,,False,,0,–,True,"['UT High=20.19 Close=17.65 (vol 1.4x)', 'SOW: vol spadkowy 1.3x > wzrostowy']",False,Bullish,7,False,3,--,False,False,
AOD,Aberdeen Total Dynamic Dividend,United Kingdom,Financial Services,10.6,USD,10.77,1.6,1117.7,397.8,2.61,171.0,,,0.008,,,,,,,2026-07-22T13:00:50.559666,USA,62.82,59.08,OVERBOUGHT,BUY,False,,False,,0,–,False,['UT High=9.58 Close=9.33 (vol 1.3x)'],False,OVERBOUGHT,15,False,3,--,False,False,
BIP,Brookfield Infrastructure Partn,Bermuda,Utilities,39.57,USD,40.32,1.9,18202.5,796.6,0.66,23100.0,0.75,0.0424,,0.2694,-0.2,0.44,,-145.5,,2026-07-22T13:00:51.733251,USA,36.92,31.28,Bullish,BUY,False,,False,,0,–,False,['UT High=39.72 Close=38.59 (vol 1.3x)'],False,OVERBOUGHT,11,False,3,--,False,False,
GPK,Graphic Packaging Holding Compa,United States,Consumer Cyclical,10.9,USD,23.76,54.1,3225.2,6601.2,0.92,8617.0,0.52,0.0694,1.69,0.1859,-0.14,0.24,0.42,-158.3,-133.3,2026-07-22T13:00:52.278768,USA,34.27,31.97,Bullish,BUY,False,,False,,1,A,False,['SOW: vol spadkowy 1.3x > wzrostowy'],False,Bullish,4,False,3,--,False,False,
FRO,Frontline Plc,Cyprus,Energy,38.45,USD,43.1,10.8,8559.9,2912.6,4.06,1965.1,0.9,0.1165,1.222,0.3277,2.51,1.02,0.15,146.1,1573.3,2026-07-22T13:00:55.893171,USA,-1.12,2.06,Bearish,Turning Up,False,,False,,0,–,False,['UT High=37.05 Close=32.10 (vol 2.4x)'],False,Bullish,9,False,3,--,False,False,
CBC,"Central Bancompany, Inc.",United States,Financial Services,31.76,USD,32.27,1.6,7615.0,724.1,1.78,1021.4,,,0.0,,0.46,0.4462,,3.1,,2026-07-22T13:00:55.897320,USA,79.91,79.81,OVERBOUGHT,BUY,False,,False,,2,A,False,['SOW: vol spadkowy 1.3x > wzrostowy'],False,OVERBOUGHT,3,False,3,--,False,False,
LXEO,"Lexeo Therapeutics, Inc.",United States,Healthcare,4.66,USD,10.99,57.6,365.9,819.9,-1.15,0.0,11.21,-0.457,0.032,,-0.25,-0.27,-0.99,7.4,74.7,2026-07-22T13:00:59.849216,USA,-39.78,-44.84,Bearish,Strong BUY,False,,False,,4,D,True,"['BC przy 10.35 (vol 3.1x)', 'UT High=10.79 Close=10.35 (vol 3.1x)']",False,OVERSOLD,10,False,3,--,False,False,
BTI,British American Tobacco  Indus,United Kingdom,Consumer Defensive,61.42,USD,67.3,8.7,132517.4,4193.8,4.61,25610.0,0.57,0.1006,0.732,0.835,,,,,,2026-07-22T13:01:00.369573,USA,0.38,-0.32,Bullish,BUY,False,,False,,0,–,False,[],False,Bullish,3,False,3,--,False,False,
DEO,Diageo plc,United Kingdom,Consumer Defensive,83.55,USD,116.41,28.2,46445.1,1189.3,4.26,20245.0,0.64,0.0854,2.2,0.6013,,,,,,2026-07-22T13:01:00.304116,USA,11.13,9.28,Bullish,BUY,False,,False,,0,–,False,['UT High=101.71 Close=88.61 (vol 2.1x)'],False,OVERBOUGHT,4,False,3,--,False,False,
ARIS,Aris Mining Corporation,Canada,Basic Materials,14.7,USD,23.29,36.9,3034.1,1364.5,0.87,927.7,1.58,0.0987,0.363,0.4961,0.47,0.25,0.01,88.0,4600.0,2026-07-22T13:01:01.854529,USA,-62.38,-60.37,OVERSOLD,Turning Up,False,,False,,2,A,True,"['UT High=21.98 Close=17.14 (vol 1.4x)', 'SOW: vol spadkowy 1.3x > wzrostowy']",True,OVERSOLD,0,False,3,--,False,False,
FLR,Fluor Corporation,United States,Industrials,51.39,USD,57.5,10.6,7177.6,2747.1,2.28,15503.0,,,,-0.0077,,,,,,2026-07-22T13:01:02.362255,USA,35.69,35.17,Bullish,BUY,False,,False,,0,–,False,['UT High=54.65 Close=43.31 (vol 1.8x)'],True,Bullish,0,False,3,--,False,False,
GENI,GENI,--,--,6.65,USD,13.73,51.6,1777.8,6102.7,,669.5,1.56,-0.2785,0.042,0.2298,-0.21,-0.08,-0.03,-162.5,-600.0,2026-07-22T13:01:06.946655,USA,47.21,45.26,OVERBOUGHT,BUY,False,,False,,1,A,False,[],False,Bullish,1,False,3,--,False,False,
MC,MC,--,--,67.85,USD,78.22,13.3,5046.4,953.4,,1516.8,0.78,0.4946,0.47,0.3295,0.48,1.1,0.64,-56.4,-25.0,2026-07-22T13:00:14.264043,USA,4.05,8.0,Bullish,Turning Up,False,,False,,0,–,False,[],False,Bullish,4,False,2,--,False,False,
DRH,DRH,--,--,12.97,USD,13.0,0.2,2652.2,2171.8,,1120.5,0.67,0.0628,0.819,0.5519,0.07,0.12,0.04,-41.7,75.0,2026-07-22T13:00:16.207907,USA,84.06,81.39,OVERBOUGHT,BUY,False,,False,,0,–,False,[],False,OVERBOUGHT,5,False,2,--,False,False,
ING,ING,--,--,33.11,USD,33.36,0.7,94610.0,3241.0,,22903.0,,,3.606,,0.54,0.48,0.37,12.5,45.9,2026-07-22T13:00:16.383881,USA,72.63,70.57,OVERBOUGHT,BUY,False,,False,,0,–,False,['UT High=32.22 Close=30.78 (vol 1.7x)'],False,Bullish,8,False,2,--,False,False,
MGA,MGA,--,--,67.87,USD,69.94,3.0,18475.9,1368.5,,42010.0,0.87,0.0757,0.535,0.1426,-0.04,0.0,0.52,,-107.7,2026-07-22T13:00:17.284303,USA,41.24,37.27,OVERBOUGHT,BUY,False,,False,,0,–,False,[],False,OVERBOUGHT,11,False,2,--,False,False,
R,R,--,--,274.57,USD,284.25,3.4,10623.4,410.8,,12687.0,0.86,0.0604,2.844,0.2032,2.33,3.25,2.27,-28.3,2.6,2026-07-22T13:00:17.762012,USA,52.36,50.52,OVERBOUGHT,BUY,False,,False,,0,–,False,['UT High=257.98 Close=249.00 (vol 1.4x)'],True,Bullish,0,True,2,--,False,False,
LPG,LPG,--,--,44.43,USD,48.12,7.7,1900.8,672.7,,481.5,2.65,0.1217,0.623,0.5446,1.9,1.11,0.19,71.2,900.0,2026-07-22T13:00:23.401469,USA,-5.94,-12.78,Bearish,BUY,False,,False,,0,–,True,"['UT High=37.46 Close=33.25 (vol 1.7x)', 'SOW: vol spadkowy 1.4x > wzrostowy']",False,OVERBOUGHT,1,False,2,--,False,False,
BY,BY,--,--,38.12,USD,38.88,2.0,1731.0,310.2,,441.5,,,0.391,,0.83,0.76,0.64,9.2,29.7,2026-07-22T13:00:24.458365,USA,71.6,70.35,OVERBOUGHT,BUY,False,,False,,2,A,False,['UT High=38.83 Close=37.44 (vol 1.5x)'],False,Bullish,3,False,2,--,False,False,
USAS,USAS,--,--,4.13,USD,10.5,60.7,1394.1,4487.1,,117.9,1.66,-0.1315,0.251,0.1004,0.03,-0.06,,150.0,,2026-07-22T13:00:27.810348,USA,-74.27,-71.03,OVERSOLD,Turning Up,False,,False,,4,C,True,"['BC przy 4.49 (vol 3.0x)', 'UT High=10.50 Close=7.42 (vol 2.7x)']",False,OVERSOLD,1,False,2,--,False,False,
AEHR,AEHR,--,--,98.91,USD,126.62,21.9,3212.6,2634.2,,59.0,2.99,-0.0404,0.088,0.4059,0.04,-0.1,-0.1,140.0,140.0,2026-07-22T13:00:29.838788,USA,-26.75,-21.54,Bearish,Turning Up,False,,True,,4,D,True,"['BC przy 83.86 (vol 2.5x)', 'UT High=103.83 Close=97.23 (vol 1.4x)']",False,Bearish,3,False,2,--,False,False,
ACRE,ACRE,--,--,4.59,USD,5.89,22.1,254.7,430.6,,22.9,,,2.056,,-0.17,-0.07,0.17,-142.9,-200.0,2026-07-22T13:00:30.054422,USA,-29.88,-37.84,Bearish,Strong BUY,False,,False,,0,–,True,"['BC przy 4.84 (vol 2.0x)', 'UT High=5.52 Close=4.84 (vol 2.0x)']",False,Bullish,4,False,2,--,False,False,
DHC,DHC,--,--,9.64,USD,9.66,0.2,2333.9,1753.3,,1537.9,2.62,-0.0069,1.441,0.1811,-0.18,-0.68,,73.5,,2026-07-22T13:00:30.339000,USA,58.14,58.31,OVERBOUGHT,Turning Up,False,,False,,0,–,False,['UT High=7.64 Close=7.21 (vol 1.8x)'],False,Bullish,3,False,2,--,False,False,
KREF,KREF,--,--,7.59,USD,9.98,24.0,488.0,1234.6,,113.0,,,,,-0.96,0.12,,-900.0,,2026-07-22T13:00:32.363042,USA,78.16,76.17,OVERBOUGHT,BUY,False,,False,,0,–,False,['SOW: vol spadkowy 1.5x > wzrostowy'],False,OVERBOUGHT,13,False,2,--,False,False,
ACP,ACP,--,--,5.31,USD,5.99,11.4,666.2,458.7,,42.5,,,0.352,,,,,,,2026-07-22T13:00:32.301853,USA,31.36,29.05,Bullish,BUY,False,,False,,0,–,False,[],False,Bullish,1,False,2,--,False,False,
ATI,ATI,--,--,197.21,USD,205.31,3.9,26913.3,1789.7,,4587.4,1.27,0.1399,0.969,0.2195,0.85,0.69,0.67,23.2,26.9,2026-07-22T13:00:34.696962,USA,54.56,56.76,OVERBOUGHT,Turning Up,False,,False,,0,–,False,['UT High=168.14 Close=150.09 (vol 1.5x)'],False,Bullish,7,False,2,--,False,False,
NPKI,NPKI,--,--,14.58,USD,16.5,11.6,1231.2,988.4,,277.0,1.22,0.093,0.076,0.3637,0.12,0.17,0.1,-29.4,20.0,2026-07-22T13:00:35.133525,USA,-26.08,-23.43,Bearish,Turning Up,False,,False,,2,A,False,['UT High=16.50 Close=15.57 (vol 1.8x)'],False,Bullish,6,False,2,--,False,False,
GM,GM,--,--,79.52,USD,87.62,9.2,71700.4,7820.7,,185019.0,1.01,0.0155,2.148,0.0627,2.82,1.35,,108.9,,2026-07-22T13:00:37.921818,USA,0.82,3.27,Bullish,Turning Up,False,,False,,0,–,False,['UT High=86.92 Close=83.62 (vol 1.4x)'],True,Bullish,0,False,2,--,False,False,
SLDP,"Solid Power, Inc.",United States,Consumer Cyclical,2.36,USD,8.86,73.4,531.0,6073.9,-0.49,17.9,15.92,-0.242,0.019,-0.1527,-0.06,-0.14,,57.1,,2026-07-22T13:00:43.035252,USA,-84.85,-82.22,OVERSOLD,Turning Up,False,,False,,0,–,True,"['BC przy 6.86 (vol 2.5x)', 'UT High=8.86 Close=6.86 (vol 2.5x)']",False,OVERSOLD,5,False,2,--,False,False,
URBN,"Urban Outfitters, Inc.",United States,Consumer Cyclical,73.74,USD,84.35,12.6,6314.7,1230.8,5.2,6165.4,0.88,0.134,0.435,0.3597,1.3,1.05,1.16,23.8,12.1,2026-07-22T13:00:46.049854,USA,4.21,7.49,Bullish,Turning Up,False,,False,,0,–,False,['BC przy 74.07 (vol 2.2x)'],False,OVERBOUGHT,7,False,2,--,False,False,
TRON,Tron Inc.,United States,Consumer Cyclical,1.52,USD,12.0,87.3,723.4,791.7,-0.07,4.7,17.93,-0.0099,0.003,0.2526,0.05,0.04,,25.0,,2026-07-22T13:00:46.294283,USA,-73.25,-72.88,OVERSOLD,Turning Up,False,,False,,2,A,True,"['BC przy 2.17 (vol 3.3x)', 'UT High=2.95 Close=2.17 (vol 3.3x)']",True,Bearish,0,False,2,--,False,False,
BF-B,Brown Forman Inc,United States,Consumer Defensive,26.29,USD,31.92,17.6,12063.5,3300.6,1.53,3928.0,1.18,0.1465,0.622,0.6054,0.12,0.58,0.31,-79.3,-61.3,2026-07-22T13:00:47.217234,USA,-10.57,-10.68,Bearish,BUY,False,,False,,0,–,True,"['BC przy 29.86 (vol 2.2x)', 'UT High=31.35 Close=29.86 (vol 2.2x)']",False,Bearish,1,False,2,--,False,False,
PEB,Pebblebrook Hotel Trust,United States,Real Estate,19.75,USD,19.78,0.2,2239.0,2601.1,-0.79,1475.5,0.7,0.0156,0.995,0.2417,-0.26,-0.23,-0.37,-13.0,29.7,2026-07-22T13:00:50.063564,USA,76.14,74.49,OVERBOUGHT,BUY,False,,False,,0,–,False,['UT High=14.71 Close=14.07 (vol 1.9x)'],False,OVERBOUGHT,5,False,2,--,False,False,
DCH,Dauch Corporation,United States,Consumer Cyclical,5.52,USD,9.25,40.3,1310.3,4080.5,-0.75,5836.7,2.57,0.0247,6.522,0.1207,-0.52,-0.6344,0.06,18.0,-966.7,2026-07-22T13:00:55.677703,USA,-58.55,-54.98,OVERSOLD,Turning Up,False,,False,,1,A,True,"['BC przy 8.62 (vol 4.7x)', 'UT High=9.25 Close=8.62 (vol 4.7x)']",False,Bullish,4,False,2,--,False,False,
BYND,"Beyond Meat, Inc.",United States,Consumer Defensive,0.61,USD,7.69,92.1,314.4,45454.3,-1.09,275.5,3.44,-0.5487,,0.0278,-0.06,-0.29,-0.69,79.3,91.3,2026-07-22T13:00:56.531443,USA,-82.72,-80.61,OVERSOLD,Turning Up,False,,False,,0,–,True,"['BC przy 0.87 (vol 4.0x)', 'UT High=7.69 Close=2.18 (vol 16.9x)']",True,OVERSOLD,0,False,2,--,False,False,
CLDT,Chatham Lodging Trust (REIT),United States,Real Estate,13.45,USD,13.64,1.4,627.9,427.0,0.02,295.1,1.06,0.0188,0.485,0.3486,-0.13,0.05,-0.01,-360.0,-1200.0,2026-07-22T13:01:00.431217,USA,85.4,85.47,OVERBOUGHT,Turning Up,False,,False,,1,A,False,['UT High=8.28 Close=7.87 (vol 1.6x)'],False,OVERBOUGHT,5,False,2,--,False,False,
AAOI,AAOI,--,--,119.26,USD,233.67,49.0,9569.8,11904.0,,455.7,1.91,-0.0577,0.338,0.3004,-0.19,-0.03,-0.18,-533.3,-5.6,2026-07-22T13:00:13.057988,USA,-68.79,-61.73,OVERSOLD,Turning Up,False,,False,,4,C,True,"['BC przy 96.81 (vol 2.2x)', 'UT High=233.67 Close=190.36 (vol 1.6x)']",True,Bearish,0,False,1,--,False,False,
PUMP,PUMP,--,--,13.22,USD,18.5,28.5,1621.0,5107.4,,1269.2,1.24,0.0098,0.257,0.0993,-0.03,-0.02,-0.17,-50.0,82.4,2026-07-22T13:00:19.122460,USA,-64.34,-59.56,OVERSOLD,Turning Up,False,,False,,2,A,True,"['BC przy 10.38 (vol 3.5x)', 'UT High=18.50 Close=16.62 (vol 1.4x)', 'SOW: vol spadkowy 1.4x > wzrostowy']",False,Bearish,5,False,1,--,False,False,
ECC,ECC,--,--,3.71,USD,7.77,52.3,490.5,1012.3,,-126.0,,,0.368,,,,,,,2026-07-22T13:00:22.520203,USA,-25.89,-24.44,Bearish,Turning Up,False,,False,,1,A,False,[],False,Bearish,16,False,1,OVERSOLD,False,True,0.0
UNFI,UNFI,--,--,49.92,USD,57.02,12.5,3021.1,652.8,,31784.0,0.51,0.0158,2.225,0.1328,0.52,0.31,-0.12,67.7,533.3,2026-07-22T13:00:27.744929,USA,5.49,8.15,Bullish,Turning Up,False,,False,,0,–,False,['UT High=57.02 Close=50.39 (vol 1.8x)'],True,Bullish,0,False,1,--,False,False,
VIST,VIST,--,--,65.05,USD,81.44,20.1,7249.3,1025.1,,2474.2,0.86,0.1032,1.313,0.4749,2.903,0.977,2.164,197.1,34.1,2026-07-22T13:00:31.896952,USA,-56.91,-52.15,OVERSOLD,Turning Up,False,,False,,2,A,True,"['BC przy 72.06 (vol 2.2x)', 'UT High=79.20 Close=71.62 (vol 1.6x)']",False,Bullish,8,False,1,--,False,False,
HST,HST,--,--,24.44,USD,25.41,3.8,16738.4,8937.5,,6114.0,0.79,0.0726,0.86,0.526,0.72,0.2,0.35,260.0,105.7,2026-07-22T13:00:33.885967,USA,53.22,56.55,OVERBOUGHT,Turning Up,False,,False,,0,–,False,[],False,OVERBOUGHT,5,False,1,--,False,False,
ALM,Almonty Industries Inc.,United States,Basic Materials,15.0,USD,24.41,38.5,4256.1,5341.9,-0.47,32.5,3.76,-0.1169,0.453,0.073,-0.02,0.13,,-115.4,,2026-07-22T13:00:40.137015,USA,-53.45,-50.27,OVERSOLD,Turning Up,False,,False,,2,A,True,"['BC przy 8.22 (vol 5.6x)', 'UT High=22.55 Close=19.67 (vol 1.7x)']",True,Bearish,0,False,1,--,False,False,
HUN,Huntsman Corporation,United States,Basic Materials,12.61,USD,16.09,21.6,2211.6,5943.8,-1.88,5683.0,0.78,-0.0042,0.873,0.1321,-0.31,-0.56,-0.03,44.6,-933.3,2026-07-22T13:00:42.937471,USA,-49.33,-49.1,OVERSOLD,Turning Up,False,,False,,2,A,True,"['UT High=16.09 Close=12.07 (vol 1.8x)', 'SOW: vol spadkowy 1.4x > wzrostowy']",False,OVERBOUGHT,8,False,1,--,False,False,
CASY,"Caseys General Stores, Inc.",United States,Consumer Cyclical,858.26,USD,927.85,7.5,31759.8,531.7,19.14,17561.1,0.6,0.1116,0.735,0.2461,4.37,3.49,2.63,25.2,66.2,2026-07-22T13:00:44.422168,USA,3.95,-1.29,Bullish,BUY,False,,False,,0,–,True,"['UT High=927.85 Close=895.14 (vol 1.8x)', 'SOW: vol spadkowy 1.4x > wzrostowy']",False,OVERBOUGHT,1,False,1,--,False,False,
DBRG,"DigitalBridge Group, Inc.",United States,Financial Services,15.84,USD,15.86,0.1,2928.5,2857.6,0.53,71.4,6.06,-0.0181,0.157,2.9203,0.03,0.27,-0.01,-88.9,400.0,2026-07-22T13:00:46.698079,USA,81.17,80.88,OVERBOUGHT,BUY,False,,False,,0,–,True,"['BC przy 14.32 (vol 2.2x)', 'UT High=15.52 Close=14.32 (vol 2.2x)']",False,OVERBOUGHT,3,False,1,--,False,False,
KSS,Kohl's Corporation,United States,Consumer Cyclical,18.13,USD,25.22,28.1,2055.9,4981.8,2.38,15527.0,0.37,0.0406,1.638,0.4057,-0.13,1.07,-0.13,-112.1,0.0,2026-07-22T13:00:47.466281,USA,55.58,56.98,OVERBOUGHT,Turning Up,False,,False,,0,–,False,[],False,Bullish,3,False,1,--,False,False,
KRNY,Kearny Financial,United States,Financial Services,9.55,USD,9.76,2.2,601.0,471.0,0.57,154.0,,,1.684,,0.16,0.15,0.11,6.7,45.5,2026-07-22T13:00:48.408130,USA,74.41,74.55,OVERBOUGHT,Turning Up,False,,False,,0,–,False,['UT High=8.89 Close=8.47 (vol 1.6x)'],False,Bullish,3,False,1,--,False,False,
URG,Ur Energy Inc,United States,Energy,1.32,USD,2.35,43.8,524.5,11252.3,-0.24,27.2,4.56,-0.4532,0.881,0.0027,-0.07,-0.07,,0.0,,2026-07-22T13:00:54.439888,USA,-80.65,-77.7,OVERSOLD,Turning Up,False,,False,,4,C,True,"['UT High=2.15 Close=1.62 (vol 2.2x)', 'SOW: vol spadkowy 1.7x > wzrostowy']",True,Bearish,0,False,1,--,False,False,
ELE,Elemental Royalty Corporation,Canada,Basic Materials,15.85,USD,26.96,41.2,1020.5,403.4,-0.06,43.6,6.58,0.0044,0.001,0.6257,0.06,0.0,,,,2026-07-22T13:00:57.221852,USA,-49.66,-49.23,OVERSOLD,Turning Up,False,,False,,5,D,True,"['BC przy 22.24 (vol 5.5x)', 'UT High=20.90 Close=19.88 (vol 3.0x)']",True,OVERSOLD,0,False,1,--,False,False,
TRMD,TORM plc,United Kingdom,Energy,29.9,USD,35.33,15.4,3060.8,876.8,3.41,,,,,,,,,,,2026-07-22T13:01:02.539655,USA,-22.58,-29.35,Bearish,BUY,False,,False,,0,–,True,"['UT High=34.53 Close=31.30 (vol 1.7x)', 'SOW: vol spadkowy 1.5x > wzrostowy']",False,OVERBOUGHT,11,False,1,--,False,False,
NUAI,NUAI,--,--,5.91,USD,9.44,37.4,598.6,7983.3,,,,,,,,,,,,2026-07-22T13:01:02.866061,USA,-25.33,-19.77,Bearish,Turning Up,False,,False,,0,–,False,['UT High=7.30 Close=5.92 (vol 1.9x)'],True,Bullish,0,True,1,Bullish,True,False,3.0
DC,Dakota Gold Corp.,United States,Basic Materials,4.47,USD,7.25,38.3,598.7,1442.3,-0.3,0.0,10.12,-0.369,0.002,,,,,,,2026-07-22T13:01:03.147339,USA,-67.27,-64.01,OVERSOLD,Turning Up,False,,False,,5,D,True,"['BC przy 5.38 (vol 2.5x)', 'UT High=7.25 Close=5.99 (vol 1.4x)', 'SOW: vol spadkowy 1.4x > wzrostowy']",True,Bearish,0,False,1,--,False,False,
IDR.MC,IDR.MC,--,--,50.88,EUR,66.15,23.1,8904.9,1128.5,,5456.7,0.89,0.0876,1.937,0.3379,0.43,1.26,,-65.9,,2026-07-22T13:01:07.624347,EU,-31.38,-24.78,Bearish,Turning Up,False,,False,,0,–,False,[],False,Bullish,2,False,1,--,False,False,
CMCO,CMCO,--,--,14.79,USD,24.4,39.4,426.4,527.2,,1193.5,0.98,-0.0055,1.718,0.3012,-5.78,0.21,0.14,-2852.4,-4228.6,2026-07-22T13:00:10.943603,USA,-3.5,-8.95,Bearish,BUY,False,,False,,0,–,True,"['BC przy 20.92 (vol 2.1x)', 'UT High=24.29 Close=20.24 (vol 2.2x)']",False,OVERBOUGHT,4,False,0,--,False,False,
BUSE,BUSE,--,--,29.89,USD,30.52,2.1,2528.0,759.6,,719.6,,,0.131,,0.52,0.63,-0.44,-17.5,218.2,2026-07-22T13:00:16.047064,USA,69.0,68.83,OVERBOUGHT,BUY,False,,False,,1,A,True,"['BC przy 24.41 (vol 2.0x)', 'UT High=27.38 Close=26.29 (vol 1.4x)']",False,Bullish,4,False,0,--,False,False,
ATEX,ATEX,--,--,105.82,USD,113.0,6.4,2063.3,450.9,,6.5,3.33,-0.1192,0.017,0.2952,0.98,-0.35,0.49,380.0,100.0,2026-07-22T13:00:18.058830,USA,71.35,72.82,OVERBOUGHT,Turning Up,False,,False,,0,–,True,"['BC przy 35.92 (vol 2.6x)', 'UT High=38.29 Close=36.91 (vol 1.4x)']",True,Bullish,0,True,0,--,False,False,
CLM,CLM,--,--,7.47,USD,8.53,12.4,2225.5,1573.6,,314.6,,,0.0,,,,,,,2026-07-22T13:00:19.477037,USA,31.31,31.48,Bullish,Turning Up,False,,False,,1,A,False,['UT High=7.65 Close=7.45 (vol 1.3x)'],False,Bullish,11,False,0,--,False,False,
KLTR,KLTR,--,--,1.43,USD,2.02,29.2,215.0,412.0,,180.9,0.72,-0.3397,7.317,0.7059,-0.03,0.0,-0.01,,-200.0,2026-07-22T13:00:20.702070,USA,-23.27,-22.09,Bearish,Turning Up,False,,False,,3,B,True,"['BC przy 1.67 (vol 11.5x)', 'SOW: vol spadkowy 1.8x > wzrostowy']",False,OVERBOUGHT,6,False,0,--,False,False,
BIPC,BIPC,--,--,40.99,USD,51.72,20.7,5041.4,1102.8,,3668.0,0.38,0.0913,,0.6363,-0.9107,0.6887,,-232.2,,2026-07-22T13:00:24.141614,USA,20.62,20.77,Bullish,Turning Up,False,,False,,3,B,False,['SOW: vol spadkowy 1.7x > wzrostowy'],False,OVERBOUGHT,12,False,0,--,False,False,
ARCB,ARCB,--,--,160.89,USD,176.69,8.9,3582.0,394.1,,4010.2,0.95,0.0426,0.359,0.0686,-0.05,-0.36,0.13,86.1,-138.5,2026-07-22T13:00:30.690643,USA,30.81,29.32,Bullish,BUY,False,,False,,0,–,True,"['BC przy 78.25 (vol 2.3x)', 'SOW: vol spadkowy 1.3x > wzrostowy']",False,OVERBOUGHT,9,False,0,--,False,False,
PCN,PCN,--,--,11.75,USD,13.49,12.9,878.0,309.9,,95.3,,,0.068,,,,,,,2026-07-22T13:00:32.227707,USA,43.72,43.94,OVERBOUGHT,Turning Up,False,,False,,0,–,False,[],False,Bullish,2,False,0,--,False,False,
ASC,ASC,--,--,16.29,USD,20.03,18.7,664.7,678.3,,310.2,3.98,0.0732,0.203,0.2811,0.58,0.23,0.14,152.2,314.3,2026-07-22T13:00:37.377723,USA,-30.04,-30.03,Bearish,Turning Up,False,,False,,0,–,True,"['UT High=16.51 Close=15.58 (vol 1.4x)', 'SOW: vol spadkowy 1.3x > wzrostowy']",False,Bullish,9,False,0,--,False,False,
ANGO,ANGO,--,--,14.22,USD,15.2,6.4,587.7,392.9,,320.2,1.49,-0.1611,0.028,0.5462,-0.27,-0.19,-0.15,-42.1,-80.0,2026-07-22T13:00:38.024274,USA,46.81,50.45,OVERBOUGHT,Turning Up,False,,False,,0,–,True,"['BC przy 13.51 (vol 2.5x)', 'UT High=15.20 Close=13.51 (vol 2.5x)']",True,Bullish,0,True,0,--,False,False,
LIND,Lindblad Expeditions Holdings I,United States,Consumer Cyclical,28.45,USD,30.0,5.2,1866.3,864.0,-0.54,771.0,0.79,0.1738,,0.4578,0.09,-0.45,0.0,120.0,,2026-07-22T13:00:39.801268,USA,62.94,62.96,OVERBOUGHT,Turning Up,False,,False,,1,A,True,"['BC przy 16.23 (vol 2.5x)', 'UT High=22.34 Close=21.10 (vol 1.4x)']",False,OVERBOUGHT,5,False,0,--,False,False,
ILPT,Industrial Logistics Properties,United States,Real Estate,9.2,USD,9.37,1.8,613.3,557.3,-0.81,448.8,3.79,0.0295,8.587,0.8626,-0.14,-0.33,-0.37,57.6,62.2,2026-07-22T13:00:40.713625,USA,66.79,68.11,OVERBOUGHT,Turning Up,False,,False,,0,–,True,"['BC przy 8.87 (vol 3.0x)', 'UT High=8.10 Close=7.61 (vol 1.6x)']",True,Bullish,0,True,0,--,False,False,
RYZ,Ryerson Holding Corporation,United States,Industrials,29.87,USD,30.9,3.3,1549.9,438.5,-1.48,4571.3,0.86,-0.0124,1.083,0.1711,0.1,-1.18,-0.18,108.5,155.6,2026-07-22T13:00:43.844001,USA,30.63,22.42,Bullish,BUY,False,,False,,4,C,True,"['UT High=26.21 Close=25.37 (vol 1.8x)', 'SOW: vol spadkowy 1.6x > wzrostowy']",False,OVERBOUGHT,9,False,0,--,False,False,
ZGN,Ermenegildo Zegna N.V.,Italy,Consumer Cyclical,14.21,USD,15.44,8.0,3812.7,1187.5,0.43,1916.9,0.91,0.0585,0.948,0.6751,,,,,,2026-07-22T13:00:48.664440,USA,15.29,18.4,Bullish,Turning Up,False,,False,,5,D,True,"['BC przy 14.50 (vol 2.0x)', 'UT High=15.28 Close=14.55 (vol 2.2x)']",False,Bullish,3,False,0,--,False,False,
CHRN,ChronoScale Holdings Corporatio,United States,Technology,25.38,USD,30.0,15.4,3685.6,362.1,-0.45,84.4,0.04,-0.3158,2.888,-0.3665,,,,,,2026-07-22T13:00:55.785796,USA,33.0,30.29,Bullish,BUY,False,,False,,4,D,True,"['BC przy 19.03 (vol 2.5x)', 'UT High=30.00 Close=26.43 (vol 2.0x)']",False,OVERBOUGHT,7,False,0,--,False,False,
TAC,TransAlta Corporation,Canada,Utilities,13.99,USD,17.88,21.8,4421.0,1612.0,-0.53,2405.0,0.67,0.0106,3.104,0.5904,0.04,-0.2,,120.0,,2026-07-22T13:01:02.028693,USA,19.45,19.45,Bullish,Turning Up,False,,False,,1,A,True,"['BC przy 16.51 (vol 2.6x)', 'UT High=14.77 Close=12.68 (vol 1.8x)']",True,Bearish,0,False,0,--,False,False,
CTGO,Contango Silver & Gold Inc.,United States,Basic Materials,16.08,USD,34.38,53.2,520.0,524.5,-1.75,,,,,,,,,,,2026-07-22T13:01:02.512413,USA,-72.12,-71.45,OVERSOLD,Turning Up,False,,False,,2,A,True,"['BC przy 27.81 (vol 2.1x)', 'UT High=34.38 Close=28.35 (vol 1.8x)']",False,Bearish,5,False,0,--,False,False,
SWED-A.ST,SWED-A.ST,--,--,370.6,SEK,374.4,1.0,416448.7,1809.3,,67899.0,,,4.046,,6.37,6.5,7.26,-2.0,-12.3,2026-07-22T13:01:07.010407,EU,74.42,75.88,OVERBOUGHT,Turning Up,False,,False,,0,–,True,"['BC przy 316.45 (vol 2.0x)', 'UT High=335.10 Close=307.90 (vol 1.5x)']",True,Bullish,0,True,0,--,False,False,
